date,open,high,low,close,volume
2015-11-09,3426.6,3515.9,3417.65,3507.8,0
2019-07-02,9734.75,9749.15,9676.1,9743.5,0
2019-07-03,9762.85,9774.7,9731.95,9754.6,0
2019-07-04,9767.8,9793.3,9765.4,9771.25,0
2019-07-05,9793.65,9805.25,9645.2,9647.8,0
2019-07-08,9619.4,9619.4,9418.05,9454.4,0
2019-07-09,9428.05,9473.2,9376.0,9453.55,0
2019-07-10,9443.65,9482.4,9385.85,9396.0,0
2019-07-11,9447.15,9475.45,9414.15,9461.7,0
2019-07-12,9480.05,9519.65,9448.45,9453.75,0
2019-07-15,9499.25,9501.7,9427.95,9466.9,0
2019-07-16,9473.85,9533.35,9456.85,9528.35,0
2019-07-17,9535.25,9563.95,9520.45,9541.95,0
2019-07-18,9534.15,9534.15,9447.65,9458.45,0
2019-07-19,9484.55,9494.55,9289.4,9317.6,0
2019-07-22,9282.6,9282.6,9197.45,9240.75,0
2019-07-23,9265.85,9277.45,9209.1,9230.5,0
2019-07-24,9228.8,9256.35,9134.75,9156.8,0
2019-07-25,9173.75,9232.15,9148.75,9165.3,0
2019-07-26,9156.0,9206.5,9125.65,9200.2,0
2019-07-29,9205.35,9205.35,9081.75,9110.95,0
2019-07-30,9123.65,9165.6,8995.6,8995.9,0
2019-07-31,8963.3,9057.7,8928.05,9040.95,0
2019-08-01,9001.7,9026.05,8859.6,8942.85,0
2019-08-02,8890.5,9006.85,8821.4,8946.8,0
2019-08-05,8866.9,8866.9,8765.6,8829.0,0
2019-08-06,8792.65,8960.55,8792.65,8908.15,0
2019-08-07,8928.6,8953.1,8840.55,8841.2,0
2019-08-08,8888.45,8998.7,8844.6,8991.45,0
2019-08-09,9022.5,9103.0,9010.75,9045.0,0
2019-08-13,9066.35,9068.95,8876.6,8884.55,0
2019-08-14,8942.0,8997.8,8897.3,8958.15,0
2019-08-16,8971.65,8999.15,8886.5,8984.45,0
2019-08-19,9022.6,9061.35,8984.15,8997.65,0
2019-08-20,9004.75,9011.95,8930.65,8961.25,0
2019-08-21,8957.85,8964.95,8858.7,8861.65,0
2019-08-22,8851.35,8852.05,8706.9,8715.25,0
2019-08-23,8687.45,8812.4,8628.55,8798.25,0
2019-08-26,8933.05,8972.9,8735.45,8964.6,0
2019-08-27,9004.0,9047.85,8973.05,9030.35,0
2019-08-28,9023.8,9047.35,8930.15,8967.2,0
2019-08-29,8938.05,8954.35,8874.35,8915.05,0
2019-08-30,8936.45,8990.9,8859.9,8984.1,0
2019-09-03,8927.9,8927.9,8784.65,8786.45,0
2019-09-04,8798.75,8841.85,8751.35,8827.4,0
2019-09-05,8848.0,8894.6,8825.3,8840.4,0
2019-09-06,8873.75,8928.35,8859.4,8916.4,0
2019-09-09,8914.7,8986.55,8883.2,8971.75,0
2019-09-11,8992.7,9026.1,8981.4,9002.35,0
2019-09-12,9036.95,9060.95,8970.45,8979.6,0
2019-09-13,8992.65,9056.5,8945.95,9053.05,0
2019-09-16,8992.15,9044.3,8979.0,9001.1,0
2019-09-17,9010.55,9012.1,8838.65,8857.6,0
2019-09-18,8898.95,8912.0,8841.85,8882.9,0
2019-09-19,8884.5,8884.5,8738.85,8763.15,0
2019-09-20,8799.45,9293.85,8748.4,9231.6,0
2019-09-23,9425.4,9551.95,9387.7,9482.95,0
2019-09-24,9489.1,9530.05,9434.9,9474.8,0
2019-09-25,9458.05,9458.05,9326.3,9334.1,0
2019-09-26,9365.5,9470.75,9365.5,9451.45,0
2019-09-27,9435.55,9464.9,9388.75,9392.3,0
2019-09-30,9384.65,9386.85,9277.2,9341.85,0
2019-10-01,9372.7,9401.65,9140.7,9243.3,0
2019-10-03,9207.15,9242.95,9154.2,9197.05,0
2019-10-04,9253.1,9263.85,9078.95,9080.25,0
2019-10-07,9104.5,9120.15,9032.05,9034.95,0
2019-10-09,9059.1,9182.85,9009.1,9180.55,0
2019-10-10,9153.5,9165.0,9097.55,9113.15,0
2019-10-11,9132.4,9206.95,9076.35,9157.15,0
2019-10-14,9187.7,9248.45,9156.95,9184.8,0
2019-10-15,9208.7,9276.9,9197.2,9254.2,0
2019-10-16,9282.95,9301.45,9246.65,9285.35,0
2019-10-17,9286.65,9399.0,9268.2,9388.8,0
2019-10-18,9391.85,9494.4,9374.1,9477.65,0
2019-10-22,9481.05,9526.55,9437.25,9448.15,0
2019-10-23,9457.25,9497.65,9418.8,9462.9,0
2019-10-24,9501.35,9516.45,9403.25,9437.3,0
2019-10-25,9478.45,9478.45,9365.75,9423.95,0
2019-10-27,9492.45,9503.6,9463.5,9478.7,0
2019-10-29,9490.1,9615.65,9475.8,9599.2,0
2019-10-30,9666.6,9673.2,9602.45,9650.85,0
2019-10-31,9686.4,9733.0,9671.9,9692.95,0
2019-11-01,9703.1,9730.5,9678.2,9706.9,0
2019-11-04,9736.75,9779.75,9712.35,9733.55,0
2019-11-05,9757.75,9760.75,9658.05,9693.35,0
2019-11-06,9694.85,9750.4,9646.2,9716.2,0
2019-11-07,9768.9,9771.1,9718.4,9769.25,0
2019-11-08,9753.25,9785.35,9670.7,9678.25,0
2019-11-11,9665.65,9708.1,9656.0,9696.0,0
2019-11-13,9698.1,9730.3,9618.45,9629.35,0
2019-11-14,9648.85,9670.7,9597.05,9648.9,0
2019-11-15,9676.95,9720.7,9658.4,9665.9,0
2019-11-18,9685.85,9705.45,9654.55,9673.45,0
2019-11-19,9692.2,9714.15,9662.7,9711.9,0
2019-11-20,9748.4,9776.65,9726.35,9739.55,0
2019-11-21,9768.05,9768.05,9704.1,9708.35,0
2019-11-22,9715.05,9715.05,9650.95,9680.0,0
2019-11-25,9688.85,9808.85,9688.85,9804.35,0
2019-11-26,9833.6,9852.65,9739.5,9767.55,0
2019-11-27,9787.3,9824.1,9778.2,9822.5,0
2019-11-28,9838.45,9874.75,9817.1,9873.2,0
2019-11-29,9871.1,9871.8,9781.2,9807.4,0
2019-12-02,9863.1,9863.1,9778.85,9799.85,0
2019-12-03,9814.75,9815.1,9715.8,9744.6,0
2019-12-04,9722.25,9790.0,9699.8,9776.75,0
2019-12-05,9801.1,9804.65,9742.2,9748.8,0
2019-12-06,9781.9,9787.15,9642.35,9663.5,0
2019-12-09,9682.0,9714.3,9637.0,9670.05,0
2019-12-10,9680.55,9681.8,9585.05,9597.8,0
2019-12-11,9605.6,9645.6,9574.95,9638.45,0
2019-12-12,9666.5,9714.5,9657.6,9689.1,0
2019-12-13,9732.35,9790.65,9732.35,9785.0,0
2019-12-16,9815.25,9817.1,9748.15,9755.8,0
2019-12-17,9776.45,9842.85,9766.75,9836.3,0
2019-12-18,9854.75,9876.2,9821.4,9867.55,0
2019-12-19,9866.15,9898.3,9845.7,9890.9,0
2019-12-20,9899.5,9920.35,9891.85,9901.6,0
2019-12-23,9882.95,9921.9,9861.8,9899.05,0
2019-12-24,9905.35,9915.1,9860.75,9865.3,0
2019-12-26,9871.45,9876.6,9812.3,9819.0,0
2019-12-27,9852.15,9915.85,9843.25,9910.55,0
2019-12-30,9931.6,9946.0,9891.1,9924.9,0
2019-12-31,9921.5,9921.5,9861.6,9876.65,0
2020-01-01,9897.95,9914.3,9875.3,9890.5,0
2020-01-02,9903.25,9984.3,9903.25,9979.8,0
2020-01-03,9966.8,9976.65,9914.2,9938.55,0
2020-01-06,9896.45,9899.55,9732.0,9742.9,0
2020-01-07,9814.45,9883.35,9765.7,9807.4,0
2020-01-08,9708.7,9798.2,9700.9,9789.45,0
2020-01-09,9894.05,9951.1,9888.0,9941.5,0
2020-01-10,9985.0,10023.1,9947.65,9976.55,0
2020-01-13,10012.8,10046.2,10007.75,10041.3,0
2020-01-14,10051.2,10083.5,10033.45,10074.15,0
2020-01-15,10070.0,10095.6,10031.3,10086.05,0
2020-01-16,10099.95,10132.15,10076.65,10108.05,0
2020-01-17,10096.4,10138.35,10090.0,10113.4,0
2020-01-20,10174.95,10174.95,10019.75,10028.75,0
2020-01-21,10001.85,10033.25,9977.95,9986.4,0
2020-01-22,10029.55,10034.0,9935.5,9947.7,0
2020-01-23,9961.8,10027.7,9944.9,10020.35,0
2020-01-24,10019.95,10101.1,9999.3,10086.25,0
2020-01-27,10046.45,10077.35,9989.75,9991.1,0
2020-01-28,10023.5,10040.65,9934.55,9960.75,0
2020-01-29,10006.95,10038.95,9990.35,10008.8,0
2020-01-30,10025.35,10025.95,9902.5,9910.15,0
2020-01-31,9968.4,9969.95,9849.45,9864.85,0
2020-02-01,9844.9,9917.9,9583.3,9595.4,0
2020-02-03,9578.5,9682.45,9560.5,9661.7,0
2020-02-04,9711.95,9857.2,9711.95,9856.15,0
2020-02-05,9880.15,9955.8,9847.4,9951.8,0
2020-02-06,9979.65,10022.35,9953.3,10001.15,0
2020-02-07,10019.45,10020.75,9974.65,9991.95,0
2020-02-10,10008.75,10008.75,9917.75,9946.6,0
2020-02-11,10004.05,10043.95,9979.85,9986.65,0
2020-02-12,10020.6,10067.6,10016.8,10038.3,0
2020-02-13,10049.85,10050.35,9990.45,10014.25,0
2020-02-14,10031.25,10071.65,9947.95,9958.45,0
2020-02-17,9976.15,9990.4,9885.05,9893.6,0
2020-02-18,9876.7,9876.85,9768.6,9856.65,0
2020-02-19,9921.3,9974.6,9895.45,9972.4,0
2020-02-20,9969.9,10016.6,9950.85,9959.75,0
2020-02-24,9904.5,9904.5,9745.8,9762.6,0
2020-02-25,9796.45,9813.6,9711.8,9734.85,0
2020-02-26,9680.1,9712.85,9596.65,9620.75,0
2020-02-27,9612.4,9612.4,9496.75,9570.7,0
2020-02-28,9372.7,9373.55,9214.5,9250.6,0
2020-03-02,9380.4,9436.2,9105.3,9188.35,0
2020-03-03,9251.4,9347.65,9201.55,9346.15,0
2020-03-04,9362.9,9368.3,9125.45,9261.6,0
2020-03-05,9305.55,9364.65,9250.35,9271.55,0
2020-03-06,8997.05,9088.85,8921.05,9055.5,0
2020-03-09,8862.7,8868.05,8521.35,8627.5,0
2020-03-11,8556.1,8708.8,8556.1,8614.3,0
2020-03-12,8272.4,8272.4,7841.7,7934.75,0
2020-03-13,7425.05,8296.45,7028.7,8210.05,0
2020-03-16,7867.0,7903.65,7565.25,7593.6,0
2020-03-17,7642.35,7746.0,7384.15,7418.8,0
2020-03-18,7512.3,7542.7,6970.45,7052.4,0
2020-03-19,6676.85,7041.0,6484.85,6805.25,0
2020-03-20,6833.65,7267.05,6745.05,7158.9,0
2020-03-23,6522.8,6692.0,6226.75,6263.7,0
2020-03-24,6421.0,6555.35,6152.5,6397.7,0
2020-03-25,6299.75,6758.05,6292.1,6709.95,0
2020-03-26,6826.05,7079.25,6725.0,7002.4,0
2020-03-27,7230.55,7310.9,6903.15,7014.75,0
2020-03-30,6810.5,6947.45,6721.45,6755.6,0
2020-03-31,6938.05,7041.25,6809.3,6976.4,0
2020-04-01,6995.55,6998.1,6720.85,6766.45,0
2020-04-03,6831.65,6831.65,6619.7,6651.55,0
2020-04-07,6913.5,7164.25,6843.55,7141.5,0
2020-04-08,7090.4,7434.8,7063.95,7161.5,0
2020-04-09,7335.2,7454.45,7298.65,7432.25,0
2020-04-13,7450.2,7451.25,7279.25,7368.15,0
2020-04-15,7503.0,7581.05,7299.0,7357.55,0
2020-04-16,7297.8,7452.7,7268.6,7432.1,0
2020-04-17,7665.4,7665.4,7489.7,7631.05,0
2020-04-20,7712.2,7712.2,7602.35,7614.05,0
2020-04-21,7436.5,7445.9,7347.4,7392.05,0
2020-04-22,7421.85,7543.55,7350.45,7540.65,0
2020-04-23,7575.55,7655.35,7541.25,7617.95,0
2020-04-24,7519.6,7599.4,7485.7,7505.55,0
2020-04-27,7578.0,7657.45,7578.0,7609.4,0
2020-04-28,7690.55,7697.55,7585.05,7685.85,0
2020-04-29,7702.6,7828.0,7695.0,7786.95,0
2020-04-30,7947.15,8040.6,7935.05,8008.05,0
2020-05-04,7764.95,7764.95,7579.15,7605.45,0
2020-05-05,7704.5,7727.4,7513.55,7534.95,0
2020-05-06,7544.15,7620.6,7451.85,7589.2,0
2020-05-07,7551.6,7592.2,7510.1,7531.05,0
2020-05-08,7649.35,7653.3,7543.0,7550.2,0
2020-05-11,7628.5,7692.05,7543.0,7561.15,0
2020-05-12,7508.55,7552.3,7403.6,7528.8,0
2020-05-13,7819.15,7819.15,7633.5,7668.25,0
2020-05-14,7558.15,7614.5,7496.2,7521.3,0
2020-05-15,7547.6,7547.6,7447.85,7497.6,0
2020-05-18,7522.45,7522.45,7234.85,7251.05,0
2020-05-19,7350.1,7397.9,7266.2,7293.25,0
2020-05-20,7292.9,7446.2,7283.1,7440.4,0
2020-05-21,7444.45,7524.9,7429.5,7468.4,0
2020-05-22,7446.0,7507.05,7368.9,7423.9,0
2020-05-26,7463.6,7502.5,7396.2,7434.35,0
2020-05-27,7462.95,7606.8,7394.25,7596.4,0
2020-05-28,7635.0,7745.45,7618.75,7729.25,0
2020-05-29,7687.6,7833.5,7659.25,7812.75,0
2020-06-01,7935.7,8086.45,7928.75,8012.65,0
2020-06-02,8068.15,8147.4,8031.15,8147.05,0
2020-06-03,8241.6,8294.95,8182.2,8209.45,0
2020-06-04,8209.0,8266.75,8117.4,8189.9,0
2020-06-05,8243.6,8319.15,8206.5,8316.95,0
2020-06-08,8444.55,8444.6,8288.25,8330.45,0
2020-06-09,8350.3,8422.1,8214.35,8224.1,0
2020-06-10,8260.15,8314.2,8225.4,8310.2,0
2020-06-11,8284.1,8306.2,8125.1,8142.5,0
2020-06-12,7839.8,8212.45,7839.8,8187.4,0
2020-06-15,8171.75,8196.0,8030.7,8087.0,0
2020-06-16,8239.4,8259.95,8016.3,8144.3,0
2020-06-17,8126.3,8223.55,8098.35,8136.45,0
2020-06-18,8130.9,8296.75,8121.6,8283.75,0
2020-06-19,8314.95,8420.65,8282.8,8410.35,0
2020-06-22,8471.9,8538.6,8448.35,8496.95,0
2020-06-23,8527.5,8629.7,8488.7,8629.2,0
2020-06-24,8678.7,8699.35,8477.35,8506.15,0
2020-06-25,8440.75,8543.15,8410.75,8499.3,0
2020-06-26,8572.45,8595.3,8516.35,8570.1,0
2020-06-29,8514.6,8520.7,8427.15,8490.25,0
2020-06-30,8544.7,8560.1,8448.8,8479.4,0
2020-07-01,8493.75,8566.95,8467.1,8549.6,0
2020-07-02,8602.45,8677.45,8599.65,8656.15,0
2020-07-03,8700.85,8712.7,8661.05,8692.25,0
2020-07-06,8782.0,8842.85,8762.2,8818.05,0
2020-07-07,8847.25,8861.2,8762.5,8841.45,0
2020-07-08,8872.05,8894.05,8764.05,8777.1,0
2020-07-09,8823.75,8867.2,8808.05,8863.95,0
2020-07-10,8818.7,8865.1,8772.8,8815.3,0
2020-07-13,8879.55,8901.15,8796.7,8843.35,0
2020-07-14,8799.55,8799.55,8655.55,8694.1,0
2020-07-15,8764.05,8846.65,8662.1,8704.25,0
2020-07-16,8750.6,8775.5,8650.95,8760.2,0
2020-07-17,8783.05,8914.55,8783.05,8914.15,0
2020-07-20,8965.25,8994.9,8939.0,8989.25,0
2020-07-21,9066.15,9089.05,9049.55,9078.1,0
2020-07-22,9119.15,9119.9,8988.9,9054.3,0
2020-07-23,9054.85,9128.0,9036.1,9126.4,0
2020-07-24,9066.65,9107.6,9011.7,9087.15,0
2020-07-27,9112.45,9112.45,8996.05,9019.9,0
2020-07-28,9045.45,9153.0,9045.45,9136.75,0
2020-07-29,9135.5,9180.25,9058.5,9093.7,0
2020-07-30,9136.2,9163.55,9014.4,9028.2,0
2020-07-31,9061.5,9076.8,8997.95,9046.7,0
2020-08-03,9029.6,9029.6,8926.05,8937.9,0
2020-08-04,8980.55,9085.1,8951.25,9079.4,0
2020-08-05,9126.65,9175.25,9061.25,9101.95,0
2020-08-06,9150.15,9204.75,9116.3,9175.25,0
2020-08-07,9170.05,9211.55,9144.05,9201.1,0
2020-08-10,9257.2,9308.45,9242.1,9272.5,0
2020-08-11,9315.15,9346.5,9283.15,9297.95,0
2020-08-12,9269.15,9294.75,9229.6,9287.95,0
2020-08-13,9314.95,9339.0,9280.85,9316.6,0
2020-08-14,9350.65,9365.75,9158.05,9217.9,0
2020-08-17,9278.85,9281.85,9184.75,9277.65,0
2020-08-18,9286.1,9392.45,9283.4,9387.8,0
2020-08-19,9436.95,9448.85,9402.5,9422.0,0
2020-08-20,9347.9,9397.3,9326.3,9367.95,0
2020-08-21,9451.2,9464.35,9415.8,9430.85,0
2020-08-24,9466.8,9522.9,9466.8,9504.4,0
2020-08-25,9545.6,9556.2,9469.35,9514.3,0
2020-08-26,9547.05,9574.75,9508.05,9569.3,0
2020-08-27,9619.6,9625.15,9569.6,9588.4,0
2020-08-28,9623.0,9675.9,9616.6,9644.4,0
2020-08-31,9735.7,9745.8,9325.15,9342.1,0
2020-09-01,9422.45,9478.8,9353.55,9464.15,0
2020-09-02,9457.65,9534.2,9429.95,9525.8,0
2020-09-03,9550.35,9567.35,9520.5,9540.3,0
2020-09-04,9388.35,9476.55,9355.55,9396.1,0
2020-09-07,9403.45,9420.2,9307.85,9391.65,0
2020-09-08,9400.6,9436.65,9306.9,9308.6,0
2020-09-09,9250.1,9305.9,9203.65,9297.8,0
2020-09-10,9359.55,9429.6,9347.5,9423.35,0
2020-09-11,9424.45,9460.2,9405.2,9440.05,0
2020-09-14,9520.0,9577.3,9446.95,9482.2,0
2020-09-15,9538.15,9582.6,9515.6,9580.9,0
2020-09-16,9595.75,9640.4,9575.25,9628.9,0
2020-09-17,9584.55,9624.5,9554.05,9568.25,0
2020-09-18,9622.15,9626.5,9518.3,9566.15,0
2020-09-21,9565.95,9582.1,9285.45,9286.2,0
2020-09-22,9339.8,9339.8,9118.45,9231.65,0
2020-09-23,9296.45,9308.35,9106.3,9198.15,0
2020-09-24,9094.1,9097.05,8934.0,8955.2,0
2020-09-25,9032.7,9171.05,8986.35,9146.8,0
2020-09-28,9237.75,9338.2,9213.6,9336.9,0
2020-09-29,9385.75,9401.4,9286.35,9319.2,0
2020-09-30,9344.3,9375.6,9292.5,9326.3,0
2020-10-01,9433.7,9471.4,9428.8,9465.4,0
2020-10-05,9518.2,9566.95,9476.8,9521.3,0
2020-10-06,9592.65,9632.65,9564.25,9621.1,0
2020-10-07,9637.15,9673.0,9594.75,9660.5,0
2020-10-08,9724.55,9759.2,9675.35,9711.05,0
2020-10-09,9728.75,9774.0,9691.7,9762.55,0
2020-10-12,9793.35,9822.1,9698.9,9747.95,0
2020-10-13,9745.9,9784.55,9716.5,9730.85,0
2020-10-14,9726.45,9780.75,9657.65,9760.0,0
2020-10-15,9801.55,9801.55,9536.1,9543.8,0
2020-10-16,9588.8,9634.0,9536.8,9632.25,0
2020-10-19,9710.95,9717.05,9664.75,9713.75,0
2020-10-20,9699.3,9759.75,9684.35,9734.35,0
2020-10-21,9780.5,9821.45,9635.6,9753.7,0
2020-10-22,9726.45,9763.5,9684.25,9751.1,0
2020-10-23,9794.4,9806.9,9764.7,9777.55,0
2020-10-26,9794.95,9794.95,9609.3,9650.5,0
2020-10-27,9674.15,9755.9,9607.7,9747.0,0
2020-10-28,9773.85,9782.9,9603.1,9629.75,0
2020-10-29,9557.15,9637.7,9531.0,9592.25,0
2020-10-30,9605.1,9664.7,9501.05,9583.5,0
2020-11-02,9622.7,9634.15,9524.55,9583.45,0
2020-11-03,9648.65,9715.3,9648.65,9691.05,0
2020-11-04,9684.1,9777.85,9654.7,9754.25,0
2020-11-05,9874.35,9941.3,9857.45,9938.95,0
2020-11-06,9965.05,10044.5,9952.9,10028.6,0
2020-11-09,10137.3,10183.25,10100.7,10181.0,0
2020-11-10,10252.8,10276.6,10181.85,10274.8,0
2020-11-11,10308.5,10377.5,10233.75,10362.9,0
2020-11-12,10334.75,10367.8,10294.65,10344.85,0
2020-11-13,10324.1,10393.9,10293.6,10388.3,0
2020-11-14,10470.9,10476.05,10416.5,10429.65,0
2020-11-17,10543.25,10543.25,10459.95,10525.95,0
2020-11-18,10516.75,10594.8,10491.8,10588.6,0
2020-11-19,10522.9,10632.95,10454.2,10470.4,0
2020-11-20,10514.85,10582.85,10457.05,10553.7,0
2020-11-23,10642.85,10660.65,10567.65,10633.7,0
2020-11-24,10698.3,10747.4,10687.5,10747.3,0
2020-11-25,10794.4,10803.05,10556.65,10573.55,0
2020-11-26,10611.05,10694.45,10532.25,10692.9,0
2020-11-27,10703.25,10750.75,10670.95,10696.8,0
2020-12-01,10803.25,10850.0,10734.7,10828.25,0
2020-12-02,10856.25,10865.8,10756.1,10851.25,0
2020-12-03,10936.75,10936.75,10872.05,10896.8,0
2020-12-04,10934.65,10988.8,10889.0,10984.65,0
2020-12-07,10994.15,11078.0,10984.8,11069.1,0
2020-12-08,11112.6,11136.2,11008.7,11087.3,0
2020-12-09,11147.55,11201.5,11146.05,11185.15,0
2020-12-10,11156.9,11156.9,11060.4,11144.0,0
2020-12-11,11172.65,11221.6,11082.2,11165.45,0
2020-12-14,11223.3,11239.7,11158.0,11212.85,0
2020-12-15,11212.35,11233.9,11128.7,11222.0,0
2020-12-16,11299.2,11328.0,11265.95,11311.95,0
2020-12-17,11347.1,11385.45,11324.4,11343.35,0
2020-12-18,11368.7,11376.1,11263.5,11341.0,0
2020-12-21,11338.4,11365.2,10789.5,10929.1,0
2020-12-22,10979.85,11097.15,10792.5,11077.3,0
2020-12-23,11092.4,11239.05,11062.9,11231.35,0
2020-12-24,11292.05,11342.1,11246.1,11320.0,0
2020-12-28,11387.45,11442.55,11387.45,11439.7,0
2020-12-29,11475.25,11505.85,11405.95,11462.6,0
2020-12-30,11507.05,11520.7,11414.6,11505.0,0
2020-12-31,11508.55,11548.0,11486.4,11507.5,0
2021-01-01,11535.85,11594.85,11535.35,11572.65,0
2021-01-04,11651.5,11702.9,11543.75,11698.8,0
2021-01-05,11647.6,11780.4,11614.3,11767.65,0
2021-01-06,11806.75,11816.55,11640.5,11730.2,0
2021-01-07,11833.6,11833.6,11754.45,11772.8,0
2021-01-08,11865.5,11940.25,11843.35,11922.05,0
2021-01-11,12024.65,12024.65,11922.1,12003.75,0
2021-01-12,12000.8,12083.25,11971.15,12064.55,0
2021-01-13,12123.0,12132.95,11925.85,12035.2,0
2021-01-14,12043.4,12081.1,11976.8,12070.65,0
2021-01-15,12078.6,12100.05,11864.55,11931.75,0
2021-01-18,11943.65,11945.65,11735.2,11736.6,0
2021-01-19,11851.15,11993.05,11851.15,11987.1,0
2021-01-20,12002.1,12091.9,11987.6,12065.5,0
2021-01-21,12154.7,12167.8,11960.85,12048.45,0
2021-01-22,12020.3,12052.95,11842.7,11854.5,0
2021-01-25,11951.1,11967.4,11720.2,11748.2,0
2021-01-27,11744.3,11744.3,11511.75,11545.0,0
2021-01-28,11419.3,11502.9,11366.85,11446.65,0
2021-01-29,11549.85,11568.2,11274.45,11322.95,0
2021-02-01,11396.9,11805.1,11304.35,11805.1,0
2021-02-02,11921.7,12102.1,11918.5,12071.9,0
2021-02-03,12139.7,12234.3,12006.1,12172.1,0
2021-02-04,12184.65,12297.05,12141.9,12285.05,0
2021-02-05,12345.25,12385.85,12247.9,12291.5,0
2021-02-08,12389.5,12468.95,12382.8,12450.4,0
2021-02-09,12487.6,12544.7,12396.8,12438.4,0
2021-02-10,12452.95,12489.9,12347.4,12473.05,0
2021-02-11,12433.5,12522.45,12427.05,12515.0,0
2021-02-12,12531.35,12570.25,12443.4,12506.8,0
2021-02-15,12592.0,12648.6,12583.2,12643.05,0
2021-02-16,12679.65,12724.3,12581.5,12651.05,0
2021-02-17,12631.1,12669.5,12561.8,12587.75,0
2021-02-18,12633.3,12654.85,12535.95,12563.15,0
2021-02-19,12540.85,12592.0,12361.2,12455.85,0
2021-02-22,12457.25,12470.85,12175.2,12184.8,0
2021-02-23,12294.3,12355.75,12191.45,12271.35,0
2021-02-24,12299.55,12363.0,12295.15,12360.35,0
2021-02-25,12543.5,12613.95,12537.2,12576.1,0
2021-02-26,12401.05,12448.75,12134.95,12171.6,0
2021-03-01,12316.3,12395.6,12272.2,12385.2,0
2021-03-02,12458.35,12548.15,12386.15,12536.2,0
2021-03-03,12635.85,12780.6,12603.5,12761.05,0
2021-03-04,12607.55,12770.85,12590.85,12691.95,0
2021-03-05,12621.95,12696.25,12478.85,12559.7,0
2021-03-08,12607.05,12682.05,12535.15,12564.5,0
2021-03-09,12638.4,12678.95,12495.15,12618.2,0
2021-03-10,12705.1,12721.65,12628.05,12686.6,0
2021-03-12,12806.15,12814.95,12535.15,12589.6,0
2021-03-15,12623.05,12623.05,12365.0,12505.25,0
2021-03-16,12564.8,12600.8,12488.2,12519.35,0
2021-03-17,12540.15,12544.9,12301.25,12309.3,0
2021-03-18,12426.9,12449.2,12100.85,12195.2,0
2021-03-19,12096.8,12341.7,11951.85,12308.4,0
2021-03-22,12322.75,12360.25,12235.95,12346.25,0
2021-03-23,12375.4,12461.75,12341.3,12410.75,0
2021-03-24,12346.05,12390.4,12184.6,12209.3,0
2021-03-25,12218.8,12218.8,11939.65,12008.4,0
2021-03-26,12134.75,12191.25,12072.5,12158.55,0
2021-03-30,12256.0,12402.85,12250.2,12395.75,0
2021-03-31,12376.8,12376.8,12299.0,12313.05,0
2021-04-01,12401.35,12492.1,12334.7,12477.0,0
2021-04-05,12463.7,12464.05,12149.55,12306.9,0
2021-04-06,12374.7,12422.4,12256.05,12371.55,0
2021-04-07,12389.25,12510.6,12349.75,12473.25,0
2021-04-08,12533.45,12623.75,12501.8,12544.65,0
2021-04-09,12552.9,12591.8,12490.25,12528.7,0
2021-04-12,12357.35,12357.35,11978.85,12052.45,0
2021-04-13,12068.05,12200.35,12008.15,12198.1,0
2021-04-15,12189.8,12248.45,12055.95,12240.65,0
2021-04-16,12261.9,12357.55,12233.65,12276.25,0
2021-04-19,12032.75,12094.4,11923.85,12076.75,0
2021-04-20,12213.55,12232.55,11982.5,12043.25,0
2021-04-22,11997.2,12147.15,11951.35,12126.5,0
2021-04-23,12086.2,12199.1,12045.3,12099.35,0
2021-04-26,12197.1,12263.2,12181.5,12220.8,0
2021-04-27,12238.55,12373.6,12235.65,12367.35,0
2021-04-28,12422.5,12536.65,12414.2,12505.7,0
2021-04-29,12613.8,12658.95,12472.2,12528.75,0
2021-04-30,12425.8,12523.95,12341.65,12353.7,0
2021-05-03,12256.85,12418.65,12211.25,12405.15,0
2021-05-04,12457.4,12486.15,12272.9,12311.95,0
2021-05-05,12394.85,12426.65,12321.05,12425.55,0
2021-05-06,12465.7,12513.8,12408.0,12506.85,0
2021-05-07,12579.9,12600.1,12527.75,12552.9,0
2021-05-10,12649.45,12685.7,12626.05,12677.65,0
2021-05-11,12559.95,12675.15,12540.35,12637.9,0
2021-05-12,12646.25,12646.25,12496.95,12541.5,0
2021-05-14,12595.15,12595.15,12408.3,12476.6,0
2021-05-17,12544.55,12682.7,12512.15,12675.7,0
2021-05-18,12794.95,12855.4,12783.75,12844.2,0
2021-05-19,12816.55,12882.2,12791.5,12801.35,0
2021-05-20,12831.3,12854.15,12718.35,12748.7,0
2021-05-21,12815.55,12928.6,12803.7,12924.25,0
2021-05-24,12963.0,13003.45,12912.65,12956.3,0
2021-05-25,13045.4,13045.4,12929.35,12972.0,0
2021-05-26,13010.0,13043.55,12954.4,13023.15,0
2021-05-27,13052.85,13091.3,13007.85,13085.85,0
2021-05-28,13134.7,13159.85,13099.3,13127.3,0
2021-05-31,13135.85,13243.45,13081.05,13224.1,0
2021-06-01,13274.25,13292.05,13164.95,13208.65,0
2021-06-02,13183.8,13290.5,13178.3,13283.8,0
2021-06-03,13347.05,13392.05,13332.25,13379.15,0
2021-06-04,13412.75,13433.5,13352.35,13392.3,0
2021-06-07,13454.1,13498.15,13419.5,13476.45,0
2021-06-08,13510.05,13511.35,13420.75,13498.0,0
2021-06-09,13532.2,13569.7,13334.35,13404.95,0
2021-06-10,13458.65,13524.75,13432.0,13521.35,0
2021-06-11,13577.05,13600.6,13514.05,13569.45,0
2021-06-14,13551.75,13564.95,13343.0,13555.8,0
2021-06-15,13601.35,13634.15,13589.35,13600.2,0
2021-06-16,13595.1,13621.15,13487.7,13497.2,0
2021-06-17,13405.9,13520.75,13373.0,13418.05,0
2021-06-18,13471.9,13474.0,13155.95,13411.65,0
2021-06-21,13240.9,13468.35,13221.55,13457.15,0
2021-06-22,13543.4,13589.4,13474.5,13485.8,0
2021-06-23,13570.1,13570.1,13412.65,13428.2,0
2021-06-24,13460.8,13486.5,13434.65,13472.95,0
2021-06-25,13512.15,13548.95,13471.2,13531.35,0
2021-06-28,13589.75,13589.75,13515.35,13541.4,0
2021-06-29,13535.55,13567.45,13461.45,13486.75,0
2021-06-30,13513.25,13552.9,13463.2,13481.2,0
2021-07-01,13504.7,13504.7,13442.0,13464.6,0
2021-07-02,13480.3,13505.4,13435.4,13499.9,0
2021-07-05,13558.4,13593.35,13538.4,13589.9,0
2021-07-06,13579.15,13661.8,13562.05,13575.75,0
2021-07-07,13577.5,13644.0,13542.6,13633.5,0
2021-07-08,13627.7,13660.35,13488.55,13535.0,0
2021-07-09,13513.5,13545.5,13471.2,13533.1,0
2021-07-12,13603.6,13619.9,13513.0,13547.95,0
2021-07-13,13633.1,13634.9,13580.55,13626.75,0
2021-07-14,13638.3,13678.55,13606.65,13655.45,0
2021-07-15,13686.35,13738.55,13679.9,13717.45,0
2021-07-16,13756.75,13761.05,13706.5,13742.85,0
2021-07-19,13624.3,13693.25,13573.75,13625.1,0
2021-07-20,13594.85,13614.2,13437.3,13487.15,0
2021-07-22,13592.4,13678.75,13591.25,13675.55,0
2021-07-23,13711.25,13728.0,13630.25,13682.4,0
2021-07-26,13692.2,13730.8,13650.75,13674.0,0
2021-07-27,13715.15,13740.9,13569.95,13613.1,0
2021-07-28,13631.55,13631.55,13409.9,13584.4,0
2021-07-29,13631.5,13668.55,13609.3,13648.65,0
2021-07-30,13671.55,13739.45,13638.3,13673.6,0
2021-08-02,13759.8,13789.4,13734.25,13787.0,0
2021-08-03,13840.6,13949.75,13819.0,13937.6,0
2021-08-04,13998.05,14044.5,13944.5,13964.2,0
2021-08-05,14000.9,14002.7,13892.0,13975.8,0
2021-08-06,13996.6,14029.4,13946.3,13965.8,0
2021-08-09,13993.6,14007.45,13870.5,13932.7,0
2021-08-10,13957.6,13996.85,13809.95,13883.5,0
2021-08-11,13924.05,13938.3,13716.7,13874.0,0
2021-08-12,13901.1,13979.6,13884.3,13971.6,0
2021-08-13,13997.75,14079.3,13994.45,14054.4,0
2021-08-16,14063.75,14087.1,14017.3,14057.85,0
2021-08-17,14063.9,14123.35,14011.05,14105.9,0
2021-08-18,14171.05,14185.95,14072.5,14080.75,0
2021-08-20,13951.5,14047.8,13910.35,13913.8,0
2021-08-23,14063.35,14063.35,13841.35,13922.75,0
2021-08-24,13986.95,14075.45,13942.95,14059.05,0
2021-08-25,14103.1,14145.05,14070.7,14096.05,0
2021-08-26,14106.45,14146.7,14075.0,14106.05,0
2021-08-27,14126.3,14203.55,14064.55,14181.85,0
2021-08-30,14257.4,14411.5,14252.3,14401.0,0
2021-08-31,14421.3,14571.05,14393.85,14555.75,0
2021-09-01,14611.65,14640.35,14527.25,14539.7,0
2021-09-02,14571.3,14691.95,14549.1,14682.45,0
2021-09-03,14724.7,14770.4,14682.35,14754.05,0
2021-09-06,14827.05,14843.05,14783.5,14807.75,0
2021-09-07,14834.95,14851.25,14713.8,14780.2,0
2021-09-08,14802.85,14824.9,14717.1,14814.0,0
2021-09-09,14780.6,14844.1,14774.75,14827.3,0
2021-09-13,14839.8,14865.15,14769.35,14848.1,0
2021-09-14,14917.05,14935.3,14881.75,14904.0,0
2021-09-15,14927.95,15028.35,14921.65,15018.45,0
2021-09-16,15050.85,15115.3,15013.0,15101.6,0
2021-09-17,15169.9,15207.65,14979.4,15036.45,0
2021-09-20,14907.5,15047.5,14801.95,14808.7,0
2021-09-21,14856.85,14958.95,14734.9,14951.05,0
2021-09-22,14977.3,15030.7,14950.65,14990.5,0
2021-09-23,15097.1,15218.9,15086.75,15206.9,0
2021-09-24,15274.1,15304.75,15160.9,15185.7,0
2021-09-27,15261.35,15261.85,15139.65,15187.05,0
2021-09-28,15235.1,15237.9,14967.25,15085.1,0
2021-09-29,15023.3,15140.65,14985.85,15083.7,0
2021-09-30,15109.7,15137.3,15027.1,15047.15,0
2021-10-01,14994.8,15031.5,14933.1,15009.5,0
2021-10-04,15094.4,15194.75,15078.4,15187.2,0
2021-10-05,15171.25,15287.6,15151.95,15283.45,0
2021-10-06,15328.95,15348.9,15109.95,15118.7,0
2021-10-07,15274.65,15335.6,15252.2,15295.85,0
2021-10-08,15375.3,15402.35,15317.55,15375.4,0
2021-10-11,15374.5,15497.45,15358.75,15434.25,0
2021-10-12,15426.6,15492.25,15371.85,15491.8,0
2021-10-13,15573.6,15660.05,15547.75,15635.65,0
2021-10-14,15733.3,15780.6,15710.55,15768.4,0
2021-10-18,15924.1,15948.7,15871.7,15885.9,0
2021-10-19,16003.95,16003.95,15717.45,15755.65,0
2021-10-20,15768.0,15775.3,15497.1,15588.15,0
2021-10-21,15666.6,15666.6,15373.65,15518.5,0
2021-10-22,15537.05,15599.8,15329.3,15395.8,0
2021-10-25,15492.0,15495.4,15182.4,15339.7,0
2021-10-26,15360.35,15528.65,15360.35,15528.65,0
2021-10-27,15541.75,15582.95,15454.3,15463.0,0
2021-10-28,15475.4,15475.4,15148.25,15196.6,0
2021-10-29,15163.5,15266.1,14963.05,15116.85,0
2021-11-01,15179.4,15317.95,15112.5,15315.9,0
2021-11-02,15344.35,15373.15,15279.9,15315.05,0
2021-11-03,15367.7,15397.05,15212.35,15287.2,0
2021-11-04,15380.95,15395.65,15365.0,15380.95,0
2021-11-08,15474.25,15534.7,15313.95,15529.1,0
2021-11-09,15542.05,15579.25,15487.8,15545.2,0
2021-11-10,15492.05,15562.2,15459.2,15517.55,0
2021-11-11,15497.25,15499.65,15352.05,15422.5,0
2021-11-12,15504.35,15591.2,15429.85,15577.0,0
2021-11-15,15625.75,15664.1,15558.3,15578.85,0
2021-11-16,15613.1,15626.5,15492.75,15495.95,0
2021-11-17,15487.15,15560.6,15437.05,15443.05,0
2021-11-18,15461.5,15502.15,15240.0,15288.05,0
2021-11-22,15333.9,15333.9,14847.5,14994.35,0
2021-11-23,14876.0,15136.55,14820.9,15103.3,0
2021-11-24,15159.95,15199.05,14998.15,14999.9,0
2021-11-25,15057.6,15166.25,14985.15,15163.25,0
2021-11-26,14990.85,15011.8,14674.75,14692.8,0
2021-11-29,14683.05,14749.1,14403.1,14644.75,0
2021-11-30,14662.05,14912.75,14610.15,14634.55,0
2021-12-01,14743.7,14821.9,14694.55,14799.0,0
2021-12-02,14808.8,14989.2,14792.05,14977.15,0
2021-12-03,15002.65,15054.35,14845.55,14862.8,0
2021-12-06,14876.25,14877.15,14600.2,14618.35,0
2021-12-07,14733.25,14881.45,14683.9,14838.9,0
2021-12-08,14945.3,15084.0,14943.4,15072.9,0
2021-12-09,15126.55,15140.7,15023.5,15119.6,0
2021-12-10,15103.65,15168.5,15069.95,15145.9,0
2021-12-13,15258.1,15279.5,15053.3,15075.8,0
2021-12-14,15005.5,15071.7,14948.1,15038.1,0
2021-12-15,15050.1,15075.3,14937.05,14942.3,0
2021-12-16,15072.95,15078.75,14891.9,14961.4,0
2021-12-17,14952.75,14962.05,14659.2,14675.5,0
2021-12-20,14523.5,14526.8,14128.5,14293.7,0
2021-12-21,14423.7,14584.85,14386.7,14470.7,0
2021-12-22,14542.7,14651.85,14522.75,14650.2,0
2021-12-23,14738.3,14778.7,14708.8,14737.65,0
2021-12-24,14813.9,14814.55,14605.4,14661.1,0
2021-12-27,14617.15,14745.5,14515.6,14737.8,0
2021-12-28,14809.5,14880.5,14805.4,14867.95,0
2021-12-29,14866.2,14922.2,14836.1,14845.4,0
2021-12-30,14856.1,14894.65,14817.35,14860.4,0
2021-12-31,14879.25,15022.3,14879.25,15000.45,0
2022-01-03,15030.5,15219.7,15030.5,15211.4,0
2022-01-04,15260.9,15332.8,15168.65,15320.65,0
2022-01-05,15329.75,15410.1,15265.8,15385.2,0
2022-01-06,15275.75,15315.15,15197.35,15288.2,0
2022-01-07,15333.45,15418.25,15255.65,15348.1,0
2022-01-10,15427.65,15502.0,15400.95,15495.95,0
2022-01-11,15497.5,15559.05,15463.0,15532.65,0
2022-01-12,15627.05,15678.25,15596.15,15657.15,0
2022-01-13,15710.3,15730.75,15629.5,15720.25,0
2022-01-14,15667.95,15754.3,15620.55,15715.0,0
2022-01-17,15731.35,15794.8,15718.95,15781.85,0
2022-01-18,15819.45,15833.95,15547.6,15579.85,0
2022-01-19,15580.4,15580.4,15403.8,15476.45,0
2022-01-20,15464.45,15485.7,15280.65,15376.8,0
2022-01-21,15252.9,15294.25,15069.65,15210.55,0
2022-01-24,15155.0,15164.75,14577.65,14686.5,0
2022-01-25,14577.55,14852.75,14412.05,14824.45,0
2022-01-27,14671.7,14735.45,14490.0,14704.75,0
2022-01-28,14773.05,14951.65,14701.7,14726.2,0
2022-01-31,14894.75,14975.6,14858.05,14922.15,0
2022-02-01,15073.15,15138.0,14851.3,15136.85,0
2022-02-02,15218.25,15304.0,15201.95,15300.6,0
2022-02-03,15289.15,15293.15,15102.1,15106.9,0
2022-02-04,15159.6,15188.15,15049.0,15077.3,0
2022-02-07,15065.05,15126.35,14796.85,14864.5,0
2022-02-08,14926.5,14954.2,14689.2,14836.9,0
2022-02-09,14942.75,15026.05,14926.6,15024.3,0
2022-02-10,15084.35,15133.95,14972.4,15096.0,0
2022-02-11,14988.95,14988.95,14862.2,14867.85,0
2022-02-14,14606.55,14638.6,14371.2,14378.05,0
2022-02-15,14469.0,14822.25,14348.8,14804.9,0
2022-02-16,14876.65,14935.3,14757.1,14762.55,0
2022-02-17,14857.1,14895.35,14725.3,14755.85,0
2022-02-18,14711.3,14814.45,14692.8,14703.7,0
2022-02-21,14638.35,14732.95,14498.7,14591.25,0
2022-02-22,14269.45,14526.95,14269.45,14481.7,0
2022-02-23,14581.05,14628.8,14482.35,14503.4,0
2022-02-24,14055.85,14179.05,13748.1,13759.15,0
2022-02-25,14018.1,14246.65,14017.65,14193.8,0
2022-02-28,14047.75,14318.95,13928.95,14304.7,0
2022-03-02,14161.7,14265.1,14104.85,14212.85,0
2022-03-03,14327.7,14363.75,14094.85,14142.15,0
2022-03-04,14020.2,14074.7,13828.6,13888.45,0
2022-03-07,13594.75,13636.9,13439.6,13576.75,0
2022-03-08,13504.75,13719.55,13423.95,13709.7,0
2022-03-09,13786.4,14037.25,13722.95,13994.4,0
2022-03-10,14313.2,14316.3,14079.9,14166.95,0
2022-03-11,14145.5,14268.1,14099.5,14230.85,0
2022-03-14,14248.9,14388.9,14189.45,14382.15,0
2022-03-15,14408.75,14433.4,14131.25,14199.3,0
2022-03-16,14392.55,14491.4,14369.9,14475.3,0
2022-03-17,14667.2,14756.55,14644.95,14732.9,0
2022-03-21,14773.05,14783.05,14591.05,14597.9,0
2022-03-22,14613.1,14736.15,14492.35,14733.5,0
2022-03-23,14806.6,14832.95,14660.8,14676.25,0
2022-03-24,14598.75,14744.45,14598.0,14682.2,0
2022-03-25,14763.9,14764.95,14590.85,14667.6,0
2022-03-28,14686.25,14692.05,14515.8,14672.5,0
2022-03-29,14744.05,14772.3,14690.0,14766.65,0
2022-03-30,14880.7,14924.45,14824.0,14874.1,0
2022-03-31,14925.55,14963.0,14871.25,14895.0,0
2022-04-01,14890.1,15110.8,14887.1,15098.05,0
2022-04-04,15192.8,15392.95,15192.8,15375.2,0
2022-04-05,15433.05,15477.55,15360.65,15370.5,0
2022-04-06,15318.15,15387.35,15295.1,15322.05,0
2022-04-07,15292.35,15360.95,15185.85,15215.3,0
2022-04-08,15271.35,15385.9,15203.25,15354.5,0
2022-04-11,15337.5,15386.7,15294.55,15336.0,0
2022-04-12,15281.85,15281.85,15078.8,15160.4,0
2022-04-13,15239.65,15284.5,15126.7,15132.55,0
2022-04-18,14942.6,14971.4,14821.7,14935.4,0
2022-04-19,15012.75,15040.7,14617.55,14639.95,0
2022-04-20,14807.15,14905.05,14748.55,14867.4,0
2022-04-21,14946.3,15067.35,14929.4,15064.9,0
2022-04-22,14948.1,15015.35,14876.15,14896.75,0
2022-04-25,14758.6,14768.75,14623.25,14697.1,0
2022-04-26,14818.8,14914.9,14786.35,14901.45,0
2022-04-27,14797.35,14825.25,14679.6,14755.2,0
2022-04-28,14886.5,14964.6,14766.0,14907.45,0
2022-04-29,14991.45,15011.1,14743.6,14789.55,0
2022-05-02,14647.25,14750.9,14618.15,14732.6,0
2022-05-04,14771.45,14796.45,14344.3,14408.4,0
2022-05-05,14542.15,14605.3,14366.15,14390.15,0
2022-05-06,14159.1,14204.5,14074.3,14170.85,0
2022-05-09,14002.75,14087.95,13879.8,13995.2,0
2022-05-10,13953.95,14067.8,13823.7,13830.4,0
2022-05-11,13888.15,13948.6,13589.5,13807.5,0
2022-05-12,13656.95,13665.75,13390.45,13482.65,0
2022-05-13,13621.2,13738.4,13435.15,13456.65,0
2022-05-16,13540.25,13646.15,13435.65,13591.25,0
2022-05-17,13648.45,13944.2,13632.5,13944.2,0
2022-05-18,13989.35,14063.6,13896.9,13928.3,0
2022-05-19,13625.75,13680.3,13521.05,13569.85,0
2022-05-20,13755.05,13906.25,13735.0,13900.45,0
2022-05-23,13929.75,14004.85,13814.55,13818.4,0
2022-05-24,13858.05,13882.95,13709.7,13754.45,0
2022-05-25,13805.1,13821.05,13574.95,13595.85,0
2022-05-26,13651.55,13756.1,13445.95,13753.4,0
2022-05-27,13839.3,13884.85,13769.95,13872.65,0
2022-05-30,14022.6,14162.6,14014.05,14159.85,0
2022-05-31,14106.0,14215.4,14067.2,14117.9,0
2022-06-01,14132.1,14186.5,14009.2,14095.7,0
2022-06-02,14059.25,14178.35,14030.95,14174.8,0
2022-06-03,14280.35,14298.7,14065.25,14076.45,0
2022-06-06,14042.4,14081.05,13932.75,14050.1,0
2022-06-07,13978.65,13980.75,13884.15,13924.4,0
2022-06-08,13981.65,14020.1,13832.85,13869.85,0
2022-06-09,13816.7,13988.85,13791.3,13979.45,0
2022-06-10,13825.0,13859.8,13758.25,13774.35,0
2022-06-13,13521.2,13525.15,13356.45,13434.95,0
2022-06-14,13341.95,13506.4,13324.9,13394.0,0
2022-06-15,13412.2,13448.25,13367.3,13369.25,0
2022-06-16,13508.7,13527.65,13064.8,13079.4,0
2022-06-17,13011.4,13111.3,12905.2,13027.95,0
2022-06-20,13026.15,13048.9,12855.7,12968.8,0
2022-06-21,13042.8,13275.3,13019.75,13240.6,0
2022-06-22,13176.1,13177.2,13028.65,13035.2,0
2022-06-23,13081.9,13231.65,13021.65,13190.35,0
2022-06-24,13269.2,13337.2,13248.1,13317.9,0
2022-06-27,13506.35,13509.35,13432.65,13443.5,0
2022-06-28,13389.85,13484.75,13330.9,13477.1,0
2022-06-29,13337.65,13461.85,13328.8,13402.15,0
2022-06-30,13410.8,13492.05,13353.65,13356.55,0
2022-07-01,13335.25,13421.85,13193.4,13402.3,0
2022-07-04,13378.4,13483.55,13337.65,13468.45,0
2022-07-05,13533.75,13628.4,13439.8,13454.65,0
2022-07-06,13472.8,13646.95,13443.8,13643.2,0
2022-07-07,13736.95,13777.6,13688.2,13767.7,0
2022-07-08,13873.75,13873.75,13770.9,13825.05,0
2022-07-11,13771.4,13905.75,13757.7,13873.4,0
2022-07-12,13823.6,13866.55,13758.0,13760.8,0
2022-07-13,13842.8,13860.65,13714.35,13732.25,0
2022-07-14,13771.2,13797.2,13617.3,13715.55,0
2022-07-15,13761.1,13804.0,13695.5,13789.4,0
2022-07-18,13883.8,13992.7,13880.65,13986.1,0
2022-07-19,13922.55,14067.3,13922.55,14041.8,0
2022-07-20,14220.2,14230.9,14140.0,14143.2,0
2022-07-21,14172.8,14286.8,14141.9,14277.35,0
2022-07-22,14325.05,14359.65,14265.3,14327.05,0
2022-07-25,14307.9,14334.55,14228.35,14262.1,0
2022-07-26,14284.7,14285.8,14123.1,14124.9,0
2022-07-27,14131.8,14271.35,14100.5,14260.3,0
2022-07-28,14365.05,14479.2,14331.3,14464.15,0
2022-07-29,14588.15,14677.2,14553.9,14663.6,0
2022-08-01,14741.4,14857.8,14667.15,14842.15,0
2022-08-02,14831.9,14905.75,14765.7,14836.6,0
2022-08-03,14880.65,14906.45,14750.85,14880.0,0
2022-08-04,14944.95,14974.0,14688.4,14879.2,0
2022-08-05,14933.2,14971.95,14874.85,14889.4,0
2022-08-08,14910.6,15009.75,14867.75,14994.9,0
2022-08-10,15033.3,15033.3,14919.65,14976.05,0
2022-08-11,15123.65,15129.0,15070.1,15082.65,0
2022-08-12,15102.8,15162.15,15060.85,15141.2,0
2022-08-16,15222.9,15287.15,15204.15,15282.6,0
2022-08-17,15325.35,15398.0,15307.55,15366.25,0
2022-08-18,15355.6,15413.9,15325.4,15409.95,0
2022-08-19,15426.2,15444.65,15206.15,15209.6,0
2022-08-22,15183.1,15183.7,14980.65,15002.9,0
2022-08-23,14887.0,15127.45,14881.2,15127.05,0
2022-08-24,15062.45,15152.3,15037.2,15138.15,0
2022-08-25,15208.85,15252.7,15075.55,15090.6,0
2022-08-26,15187.1,15242.3,15116.35,15165.35,0
2022-08-29,14797.8,15016.0,14795.65,14992.7,0
2022-08-30,15071.45,15338.4,15070.5,15314.75,0
2022-09-01,15142.7,15309.7,15142.7,15224.2,0
2022-09-02,15272.45,15304.3,15184.8,15190.05,0
2022-09-05,15221.75,15311.6,15221.75,15288.2,0
2022-09-06,15339.3,15386.35,15248.2,15311.7,0
2022-09-07,15222.25,15333.9,15219.55,15323.15,0
2022-09-08,15430.2,15448.7,15366.4,15441.75,0
2022-09-09,15547.55,15548.3,15426.65,15462.8,0
2022-09-12,15524.7,15599.9,15522.6,15573.8,0
2022-09-13,15667.35,15686.5,15635.4,15667.5,0
2022-09-14,15423.9,15687.6,15423.9,15626.8,0
2022-09-15,15686.0,15724.05,15544.25,15573.05,0
2022-09-16,15529.35,15539.75,15198.2,15264.1,0
2022-09-19,15264.25,15348.35,15135.55,15299.55,0
2022-09-20,15423.5,15557.05,15417.65,15450.65,0
2022-09-21,15449.25,15516.45,15320.3,15356.8,0
2022-09-22,15284.6,15386.45,15225.15,15344.1,0
2022-09-23,15324.3,15359.25,15033.5,15056.45,0
2022-09-26,14916.9,14930.95,14671.6,14721.7,0
2022-09-27,14805.85,14874.0,14652.85,14755.0,0
2022-09-28,14617.4,14768.25,14577.15,14594.15,0
2022-09-29,14748.2,14783.05,14569.55,14617.9,0
2022-09-30,14586.9,14881.3,14517.2,14837.45,0
2022-10-03,14837.1,14857.65,14585.85,14632.15,0
2022-10-04,14869.55,14975.05,14855.4,14965.35,0
2022-10-06,15063.55,15119.8,15042.9,15042.9,0
2022-10-07,15030.2,15055.2,14943.5,15037.2,0
2022-10-10,14857.0,14988.95,14819.4,14961.25,0
2022-10-11,14980.45,14980.45,14694.8,14700.9,0
2022-10-12,14761.45,14844.2,14676.75,14834.55,0
2022-10-13,14811.2,14831.75,14683.8,14732.35,0
2022-10-14,14979.15,14988.4,14804.25,14825.05,0
2022-10-17,14783.2,14920.3,14719.1,14915.2,0
2022-10-18,15009.1,15071.7,15009.1,15061.95,0
2022-10-19,15120.4,15152.65,15040.05,15072.45,0
2022-10-20,14998.45,15128.25,14979.85,15115.45,0
2022-10-21,15159.6,15181.05,15036.35,15082.45,0
2022-10-24,15225.45,15247.0,15179.85,15206.1,0
2022-10-25,15251.75,15251.75,15145.55,15148.35,0
2022-10-27,15246.55,15272.95,15172.25,15262.25,0
2022-10-28,15265.45,15290.15,15191.75,15247.05,0
2022-10-31,15333.15,15432.5,15327.9,15428.35,0
2022-11-01,15507.95,15545.6,15461.15,15534.2,0
2022-11-02,15560.45,15560.45,15470.45,15486.7,0
2022-11-03,15407.8,15518.75,15405.1,15481.5,0
2022-11-04,15495.75,15542.1,15454.45,15537.3,0
2022-11-07,15610.95,15646.6,15505.9,15614.75,0
2022-11-09,15684.45,15684.45,15535.65,15539.3,0
2022-11-10,15490.25,15523.8,15384.55,15444.8,0
2022-11-11,15633.5,15661.05,15612.5,15650.8,0
2022-11-14,15672.5,15684.0,15628.05,15641.15,0
2022-11-15,15678.5,15708.6,15609.55,15705.45,0
2022-11-16,15696.55,15709.65,15607.5,15657.7,0
2022-11-17,15630.55,15661.05,15574.4,15586.9,0
2022-11-18,15634.3,15643.95,15472.65,15548.7,0
2022-11-21,15514.6,15517.75,15431.45,15449.9,0
2022-11-22,15472.65,15517.55,15437.7,15513.25,0
2022-11-23,15572.75,15572.75,15521.55,15525.5,0
2022-11-24,15588.45,15704.4,15568.3,15696.45,0
2022-11-25,15719.8,15742.95,15668.55,15716.3,0
2022-11-28,15683.75,15817.15,15683.75,15775.55,0
2022-11-29,15784.55,15859.15,15784.1,15800.2,0
2022-11-30,15827.45,15988.45,15820.85,15967.05,0
2022-12-01,16041.15,16041.15,15972.95,15994.1,0
2022-12-02,15977.5,15989.1,15909.75,15966.65,0
2022-12-05,15994.95,15996.9,15882.1,15960.15,0
2022-12-06,15904.1,15936.5,15881.85,15926.4,0
2022-12-07,15932.25,15953.1,15836.5,15854.3,0
2022-12-08,15881.8,15918.6,15860.6,15912.3,0
2022-12-09,15964.85,15964.85,15728.0,15809.8,0
2022-12-12,15759.65,15836.5,15688.7,15827.5,0
2022-12-13,15863.25,15913.75,15831.55,15893.7,0
2022-12-14,15958.15,15988.4,15946.55,15950.35,0
2022-12-15,15938.05,15967.95,15759.05,15763.45,0
2022-12-16,15710.9,15799.05,15625.4,15639.4,0
2022-12-19,15658.85,15763.45,15606.6,15759.0,0
2022-12-20,15704.05,15740.05,15581.05,15724.75,0
2022-12-21,15772.95,15811.65,15498.8,15527.4,0
2022-12-22,15599.55,15635.15,15370.0,15419.45,0
2022-12-23,15300.75,15347.15,15019.45,15064.5,0
2022-12-26,15060.85,15350.0,14985.55,15299.5,0
2022-12-27,15375.2,15433.35,15278.8,15423.4,0
2022-12-28,15390.55,15468.05,15364.55,15419.5,0
2022-12-29,15370.0,15508.35,15307.25,15508.35,0
2022-12-30,15557.75,15581.35,15426.1,15454.4,0
2023-01-02,15479.95,15536.25,15434.05,15533.05,0
2023-01-03,15515.75,15575.4,15501.55,15557.55,0
2023-01-04,15563.15,15574.0,15376.25,15385.45,0
2023-01-05,15446.5,15461.45,15286.4,15392.55,0
2023-01-06,15401.35,15418.95,15220.15,15274.05,0
2023-01-09,15360.4,15471.75,15353.5,15439.3,0
2023-01-10,15470.0,15470.1,15262.8,15330.9,0
2023-01-11,15342.75,15374.45,15257.8,15292.5,0
2023-01-12,15329.7,15346.9,15203.95,15284.6,0
2023-01-13,15295.9,15369.85,15215.15,15338.4,0
2023-01-16,15398.15,15421.2,15277.15,15300.65,0
2023-01-17,15328.85,15410.3,15292.65,15399.05,0
2023-01-18,15416.6,15479.5,15376.65,15462.4,0
2023-01-19,15427.15,15455.15,15387.4,15407.55,0
2023-01-20,15428.2,15443.15,15337.25,15346.2,0
2023-01-23,15411.5,15427.4,15365.1,15390.45,0
2023-01-24,15451.2,15458.85,15364.5,15373.25,0
2023-01-25,15364.4,15364.5,15146.65,15190.6,0
2023-01-27,15160.15,15163.05,14779.75,14882.1,0
2023-01-30,14807.5,14954.2,14675.5,14868.2,0
2023-01-31,14906.45,14962.95,14788.85,14952.65,0
2023-02-01,15054.8,15153.85,14623.0,14838.95,0
2023-02-02,14760.35,14887.25,14699.6,14842.35,0
2023-02-03,14904.1,14972.0,14746.85,14947.55,0
2023-02-06,14939.4,14953.15,14870.9,14929.9,0
2023-02-07,14950.15,14970.45,14846.5,14902.65,0
2023-02-08,14927.55,15046.6,14924.85,15022.25,0
2023-02-09,15036.85,15053.95,14957.15,15034.3,0
2023-02-10,14992.65,15031.05,14969.7,15006.8,0
2023-02-13,15011.35,15021.95,14876.1,14893.85,0
2023-02-14,14936.2,14987.85,14879.6,14963.2,0
2023-02-15,14939.0,15053.4,14923.3,15044.5,0
2023-02-16,15098.45,15135.0,15060.3,15068.75,0
2023-02-17,15036.25,15076.85,14967.0,15001.55,0
2023-02-20,15023.45,15036.15,14920.9,14938.0,0
2023-02-21,14982.0,14992.45,14894.35,14922.1,0
2023-02-22,14854.15,14860.7,14674.25,14697.75,0
2023-02-23,14715.2,14740.45,14599.85,14678.35,0
2023-02-24,14723.4,14741.85,14599.45,14629.9,0
2023-02-27,14600.9,14600.9,14466.05,14558.0,0
2023-02-28,14550.0,14584.15,14476.4,14529.75,0
2023-03-01,14557.0,14674.85,14556.45,14668.2,0
2023-03-02,14654.8,14668.2,14576.35,14583.7,0
2023-03-03,14686.25,14812.9,14680.15,14772.45,0
2023-03-06,14848.35,14941.15,14848.35,14885.4,0
2023-03-08,14843.1,14932.3,14792.2,14921.2,0
2023-03-09,14947.05,14952.7,14789.9,14798.4,0
2023-03-10,14695.05,14695.05,14594.2,14684.05,0
2023-03-13,14681.55,14752.7,14421.35,14471.8,0
2023-03-14,14462.0,14498.95,14306.95,14374.65,0
2023-03-15,14458.15,14494.2,14298.9,14317.9,0
2023-03-16,14328.5,14387.45,14189.35,14351.9,0
2023-03-17,14436.25,14463.9,14327.9,14437.8,0
2023-03-20,14389.85,14389.85,14197.35,14327.9,0
2023-03-21,14379.05,14427.6,14340.1,14408.6,0
2023-03-22,14470.05,14496.95,14432.35,14453.55,0
2023-03-23,14422.95,14490.4,14388.75,14397.15,0
2023-03-24,14409.0,14433.55,14258.25,14266.55,0
2023-03-27,14306.6,14348.8,14239.0,14245.65,0
2023-03-28,14289.95,14300.05,14177.75,14215.55,0
2023-03-29,14218.6,14377.3,14218.6,14367.35,0
2023-03-31,14442.3,14576.6,14442.3,14553.6,0
2023-04-03,14621.05,14621.05,14541.9,14606.15,0
2023-04-05,14620.7,14718.2,14611.8,14712.15,0
2023-04-06,14701.1,14785.6,14673.7,14761.45,0
2023-04-10,14797.35,14832.95,14767.1,14783.1,0
2023-04-11,14854.65,14893.35,14814.7,14866.8,0
2023-04-12,14902.2,14949.1,14872.55,14944.95,0
2023-04-13,14946.45,14965.35,14885.3,14953.85,0
2023-04-17,14970.35,14970.35,14794.55,14902.5,0
2023-04-18,14949.1,14949.1,14853.05,14896.4,0
2023-04-19,14901.25,14905.2,14832.95,14850.45,0
2023-04-20,14878.55,14905.6,14836.05,14861.4,0
2023-04-21,14879.6,14888.15,14790.05,14841.9,0
2023-04-24,14903.95,14937.0,14841.8,14933.7,0
2023-04-25,14945.8,14981.2,14917.35,14950.1,0
2023-04-26,14954.2,15002.9,14918.95,14994.7,0
2023-04-27,14999.9,15085.55,14989.3,15077.8,0
2023-04-28,15111.05,15235.35,15078.05,15207.85,0
2023-05-02,15276.2,15327.35,15265.5,15291.5,0
2023-05-03,15277.75,15305.0,15240.1,15272.0,0
2023-05-04,15282.25,15414.65,15274.8,15393.65,0
2023-05-05,15330.35,15394.85,15266.1,15278.55,0
2023-05-08,15321.9,15440.6,15312.15,15431.35,0
2023-05-09,15462.75,15502.5,15394.25,15415.15,0
2023-05-10,15458.05,15475.85,15372.9,15464.4,0
2023-05-11,15512.35,15520.45,15462.0,15487.5,0
2023-05-12,15475.05,15505.95,15401.95,15475.15,0
2023-05-15,15495.85,15591.65,15466.6,15540.5,0
2023-05-16,15584.4,15591.9,15477.25,15486.35,0
2023-05-17,15508.25,15511.85,15367.35,15438.2,0
2023-05-18,15506.65,15514.5,15347.2,15362.9,0
2023-05-19,15399.5,15418.7,15279.25,15405.65,0
2023-05-22,15409.05,15517.35,15387.1,15497.7,0
2023-05-23,15551.05,15595.55,15529.0,15534.75,0
2023-05-24,15517.2,15591.35,15493.55,15516.9,0
2023-05-25,15510.2,15567.8,15474.35,15567.2,0
2023-05-26,15589.5,15703.45,15567.9,15689.1,0
2023-05-29,15791.75,15805.5,15758.45,15772.95,0
2023-05-30,15784.25,15823.4,15760.15,15801.7,0
2023-05-31,15773.8,15788.65,15706.6,15763.2,0
2023-06-01,15801.95,15823.8,15744.15,15757.65,0
2023-06-02,15816.8,15838.1,15775.0,15805.1,0
2023-06-05,15877.45,15898.7,15851.8,15863.1,0
2023-06-06,15873.75,15895.05,15816.8,15892.25,0
2023-06-07,15938.3,16015.75,15920.7,16009.65,0
2023-06-08,16021.7,16048.75,15906.7,15930.45,0
2023-06-09,15947.95,15961.45,15866.8,15877.85,0
2023-06-12,15913.2,15945.65,15874.95,15938.4,0
2023-06-13,15964.8,16057.45,15964.8,16050.1,0
2023-06-14,16082.15,16093.9,16035.5,16079.4,0
2023-06-15,16106.85,16138.55,16039.3,16055.1,0
2023-06-16,16100.9,16210.85,16093.45,16180.2,0
2023-06-19,16231.05,16244.3,16117.95,16142.5,0
2023-06-20,16147.55,16215.3,16081.25,16212.05,0
2023-06-21,16244.55,16277.2,16201.55,16244.65,0
2023-06-22,16252.75,16264.0,16130.15,16145.75,0
2023-06-23,16126.7,16130.45,15999.6,16011.7,0
2023-06-26,16017.5,16077.9,15995.45,16071.0,0
2023-06-27,16118.65,16170.7,16104.4,16164.5,0
2023-06-28,16239.85,16294.6,16210.55,16292.9,0
2023-06-30,16354.95,16437.45,16326.0,16426.0,0
2023-07-03,16490.95,16541.9,16485.3,16534.25,0
2023-07-04,16597.5,16599.25,16499.15,16557.15,0
2023-07-05,16580.2,16611.15,16540.2,16609.75,0
2023-07-06,16600.75,16703.3,16590.7,16688.25,0
2023-07-07,16653.3,16718.2,16541.6,16559.85,0
2023-07-10,16620.9,16623.95,16530.75,16559.5,0
2023-07-11,16610.95,16698.8,16597.55,16653.55,0
2023-07-12,16697.1,16703.25,16627.3,16637.25,0
2023-07-13,16726.95,16774.5,16596.45,16647.45,0
2023-07-14,16695.7,16786.0,16655.05,16779.7,0
2023-07-17,16811.65,16884.95,16784.35,16876.0,0
2023-07-18,16932.95,16940.15,16818.3,16875.5,0
2023-07-19,16919.05,16964.25,16877.45,16961.85,0
2023-07-20,16965.45,17051.0,16912.7,17037.75,0
2023-07-21,16931.95,16991.4,16874.95,16925.05,0
2023-07-24,16921.75,16948.4,16852.2,16859.35,0
2023-07-25,16918.8,16918.85,16832.45,16895.9,0
2023-07-26,16950.7,17011.0,16931.6,16971.8,0
2023-07-27,17038.35,17056.2,16873.0,16948.65,0
2023-07-28,16935.05,16960.5,16880.6,16942.8,0
2023-07-31,16972.5,17072.8,16939.0,17053.15,0
2023-08-01,17096.6,17102.1,17026.3,17051.95,0
2023-08-02,17005.6,17018.85,16756.1,16850.45,0
2023-08-03,16818.35,16878.75,16692.4,16781.05,0
2023-08-04,16847.4,16914.45,16836.7,16881.7,0
2023-08-07,16948.35,16970.05,16897.8,16954.7,0
2023-08-08,16991.85,16998.15,16890.15,16949.8,0
2023-08-09,16966.85,17011.95,16881.9,17002.25,0
2023-08-10,16999.5,17013.15,16902.0,16946.2,0
2023-08-11,16970.05,16970.05,16846.6,16852.85,0
2023-08-14,16827.75,16853.9,16661.35,16809.85,0
2023-08-16,16779.6,16867.8,16733.9,16841.95,0
2023-08-17,16858.85,16869.4,16782.25,16788.05,0
2023-08-18,16768.0,16803.25,16722.05,16735.9,0
2023-08-21,16780.75,16872.55,16766.85,16846.15,0
2023-08-22,16886.95,16925.45,16875.3,16901.35,0
2023-08-23,16950.9,16981.85,16912.3,16950.15,0
2023-08-24,17039.25,17074.25,16916.45,16926.3,0
2023-08-25,16871.0,16905.7,16786.05,16803.55,0
2023-08-28,16866.4,16918.25,16823.65,16870.85,0
2023-08-29,16933.85,16938.8,16898.25,16933.6,0
2023-08-30,17010.15,17035.6,16959.35,16964.95,0
2023-08-31,17001.35,17011.8,16905.05,16940.55,0
2023-09-01,16940.2,17088.1,16931.95,17066.65,0
2023-09-04,17157.9,17191.2,17108.45,17185.6,0
2023-09-05,17228.2,17264.9,17203.3,17255.55,0
2023-09-06,17274.2,17298.8,17198.75,17287.1,0
2023-09-07,17292.35,17395.0,17269.1,17382.25,0
2023-09-08,17437.65,17519.6,17412.2,17487.05,0
2023-09-11,17567.2,17660.8,17553.6,17654.4,0
2023-09-12,17753.95,17754.05,17422.3,17455.7,0
2023-09-13,17458.4,17540.85,17364.8,17523.65,0
2023-09-14,17593.25,17648.55,17546.75,17604.3,0
2023-09-15,17662.8,17691.85,17621.35,17649.25,0
2023-09-18,17666.85,17671.6,17602.8,17605.15,0
2023-09-20,17513.2,17571.15,17420.15,17457.95,0
2023-09-21,17409.1,17422.75,17273.55,17308.15,0
2023-09-22,17314.4,17361.8,17226.7,17266.15,0
2023-09-25,17276.35,17308.2,17198.45,17271.35,0
2023-09-26,17284.9,17312.35,17250.3,17284.85,0
2023-09-27,17270.4,17352.1,17217.45,17347.95,0
2023-09-28,17384.05,17389.2,17147.0,17195.35,0
2023-09-29,17227.55,17357.15,17205.2,17292.8,0
2023-10-03,17294.5,17295.45,17201.7,17250.2,0
2023-10-04,17195.55,17200.7,17032.6,17129.4,0
2023-10-05,17202.25,17234.0,17154.3,17195.5,0
2023-10-06,17263.35,17310.1,17237.1,17290.9,0
2023-10-09,17170.5,17206.85,17096.65,17110.7,0
2023-10-10,17184.55,17319.3,17184.55,17306.1,0
2023-10-11,17380.65,17447.8,17375.5,17405.25,0
2023-10-12,17438.3,17457.85,17402.45,17411.05,0
2023-10-13,17323.05,17436.5,17306.55,17374.8,0
2023-10-16,17390.35,17431.5,17353.15,17390.75,0
2023-10-17,17490.05,17494.5,17437.95,17470.0,0
2023-10-18,17484.35,17492.4,17332.3,17339.85,0
2023-10-19,17251.2,17344.6,17202.25,17299.25,0
2023-10-20,17258.3,17295.05,17190.6,17208.0,0
2023-10-23,17204.75,17224.8,16859.85,16875.55,0
2023-10-25,16912.4,16967.1,16677.15,16763.25,0
2023-10-26,16678.7,16689.1,16466.25,16558.35,0
2023-10-27,16636.05,16793.1,16634.6,16773.8,0
2023-10-30,16784.95,16837.8,16661.95,16831.65,0
2023-10-31,16909.7,16910.0,16785.55,16807.15,0
2023-11-01,16808.5,16834.1,16719.1,16731.35,0
2023-11-02,16849.95,16903.75,16823.0,16899.65,0
2023-11-03,16990.35,17027.45,16983.05,16997.05,0
2023-11-06,17105.35,17168.75,17080.95,17161.45,0
2023-11-07,17170.35,17200.6,17120.75,17195.85,0
2023-11-08,17242.65,17269.25,17215.0,17254.95,0
2023-11-09,17284.95,17288.6,17209.55,17224.05,0
2023-11-10,17189.7,17274.9,17156.85,17268.95,0
2023-11-12,17380.5,17384.15,17347.9,17360.15,0
2023-11-13,17335.0,17339.15,17278.65,17314.0,0
2023-11-15,17493.3,17518.9,17448.3,17506.5,0
2023-11-16,17518.1,17668.65,17486.5,17588.1,0
2023-11-17,17537.45,17649.05,17528.85,17591.4,0
2023-11-20,17618.55,17636.4,17556.1,17575.25,0
2023-11-21,17644.5,17665.0,17617.2,17624.4,0
2023-11-22,17637.45,17654.6,17533.75,17626.6,0
2023-11-23,17654.15,17693.25,17627.35,17644.4,0
2023-11-24,17661.3,17684.15,17631.75,17636.0,0
2023-11-28,17701.05,17760.0,17665.65,17754.05,0
2023-11-29,17831.65,17911.35,17823.45,17901.95,0
2023-11-30,17926.9,18007.1,17845.9,17986.05,0
2023-12-01,18061.8,18141.65,18053.15,18101.9,0
2023-12-04,18422.35,18460.0,18315.45,18450.95,0
2023-12-05,18541.3,18594.9,18453.65,18589.3,0
2023-12-06,18677.25,18698.8,18594.4,18684.3,0
2023-12-07,18696.75,18721.8,18619.75,18712.55,0
2023-12-08,18752.25,18785.7,18588.15,18706.95,0
2023-12-11,18726.35,18780.45,18710.15,18772.7,0
2023-12-12,18809.9,18819.7,18635.35,18683.35,0
2023-12-13,18723.7,18770.45,18601.5,18759.45,0
2023-12-14,18906.4,18996.25,18893.75,18983.6,0
2023-12-15,19071.95,19165.1,19020.55,19137.55,0
2023-12-18,19149.15,19201.55,19073.1,19149.9,0
2023-12-19,19212.55,19213.55,19067.2,19168.0,0
2023-12-20,19264.4,19303.6,18727.1,18738.25,0
2023-12-21,18647.85,18965.8,18582.95,18964.7,0
2023-12-22,19011.25,19089.95,18934.75,19039.35,0
2023-12-26,19095.0,19173.8,19059.4,19157.75,0
2023-12-27,19219.4,19312.3,19189.8,19291.4,0
2023-12-28,19358.35,19414.55,19313.1,19398.75,0
2023-12-29,19394.5,19450.1,19338.35,19420.1,0
2024-01-01,19452.0,19543.25,19421.4,19428.8,0
2024-01-02,19496.8,19499.8,19271.65,19415.9,0
2024-01-03,19434.3,19442.2,19343.15,19370.3,0
2024-01-04,19451.8,19560.4,19433.5,19550.05,0
2024-01-05,19602.1,19637.1,19490.95,19587.95,0
2024-01-08,19636.0,19641.85,19400.6,19420.45,0
2024-01-09,19549.5,19596.05,19439.1,19461.8,0
2024-01-10,19463.55,19532.3,19354.1,19524.15,0
2024-01-11,19589.75,19626.5,19532.3,19592.65,0
2024-01-12,19691.25,19775.9,19635.75,19753.05,0
2024-01-15,19876.5,19896.9,19763.8,19893.05,0
2024-01-16,19894.3,19923.3,19736.2,19826.1,0
2024-01-17,19556.4,19707.7,19470.05,19497.2,0
2024-01-18,19388.4,19468.65,19143.5,19430.05,0
2024-01-19,19555.95,19618.95,19537.15,19614.7,0
2024-01-20,19698.05,19718.7,19582.7,19611.85,0
2024-01-23,19743.5,19752.35,19158.75,19211.0,0
2024-01-24,19193.15,19470.65,19080.5,19456.6,0
2024-01-25,19479.65,19480.05,19289.8,19406.1,0
2024-01-29,19475.4,19728.9,19470.05,19714.8,0
2024-01-30,19770.25,19799.25,19558.8,19576.85,0
2024-01-31,19574.15,19813.3,19546.4,19792.35,0
2024-02-01,19869.95,19871.25,19703.75,19771.0,0
2024-02-02,19884.65,20101.15,19874.8,19908.65,0
2024-02-05,19989.65,20044.0,19805.75,19847.2,0
2024-02-06,19923.2,20044.45,19824.85,20040.95,0
2024-02-07,20157.2,20169.9,20011.45,20125.75,0
2024-02-08,20207.55,20209.05,19949.35,20017.3,0
2024-02-09,20015.0,20040.65,19745.45,19963.2,0
2024-02-12,19999.95,20015.0,19634.6,19669.3,0
2024-02-13,19709.8,19796.05,19508.75,19776.3,0
2024-02-14,19618.1,19943.75,19579.2,19936.8,0
2024-02-15,20011.7,20065.75,19952.0,20043.0,0
2024-02-16,20136.85,20191.45,20098.1,20154.5,0
2024-02-19,20244.25,20301.0,20174.9,20240.55,0
2024-02-20,20242.65,20285.8,20190.7,20281.6,0
2024-02-21,20329.1,20342.3,20077.8,20111.55,0
2024-02-22,20179.25,20308.9,20004.1,20287.6,0
2024-02-23,20358.7,20365.65,20280.15,20299.0,0
2024-02-26,20299.5,20335.75,20210.35,20254.45,0
2024-02-27,20249.25,20329.1,20234.95,20291.2,0
2024-02-28,20323.5,20335.65,19987.35,19994.9,0
2024-02-29,20009.25,20160.05,19901.3,20140.95,0
2024-03-01,20171.9,20360.2,20171.0,20343.9,0
2024-03-02,20419.55,20446.8,20400.3,20417.65,0
2024-03-04,20456.75,20482.6,20383.15,20424.7,0
2024-03-05,20422.3,20440.4,20328.0,20388.55,0
2024-03-06,20368.75,20396.75,20139.35,20383.7,0
2024-03-07,20413.65,20471.35,20384.5,20428.5,0
2024-03-11,20478.75,20483.25,20264.3,20276.05,0
2024-03-12,20299.8,20326.25,20135.3,20164.7,0
2024-03-13,20236.8,20247.9,19549.5,19629.65,0
2024-03-14,19598.4,19933.9,19514.7,19926.9,0
2024-03-15,19867.75,19942.4,19671.15,19802.5,0
2024-03-18,19804.3,19894.45,19709.2,19844.25,0
2024-03-19,19785.8,19798.95,19594.1,19603.65,0
2024-03-20,19651.7,19697.45,19465.85,19641.4,0
2024-03-21,19790.85,19916.45,19790.85,19897.35,0
2024-03-22,19855.0,20048.6,19806.7,19984.25,0
2024-03-26,19895.55,20044.5,19895.3,20009.5,0
2024-03-27,20063.0,20174.4,20063.0,20100.5,0
2024-03-28,20150.35,20380.5,20146.15,20264.7,0
2024-04-01,20392.25,20504.5,20387.05,20496.5,0
2024-04-02,20524.15,20579.25,20481.85,20574.75,0
2024-04-03,20528.2,20657.9,20496.55,20612.55,0
2024-04-04,20755.35,20772.4,20537.5,20686.05,0
2024-04-05,20654.75,20730.15,20609.9,20718.5,0
2024-04-08,20806.85,20866.1,20768.5,20818.3,0
2024-04-09,20912.75,20912.75,20741.5,20793.5,0
2024-04-10,20864.55,20933.85,20822.85,20901.9,0
2024-04-12,20873.2,20931.4,20735.15,20751.6,0
2024-04-15,20493.3,20623.8,20362.3,20487.65,0
2024-04-16,20361.25,20495.2,20326.25,20445.75,0
2024-04-18,20515.15,20617.1,20291.15,20376.5,0
2024-04-19,20178.25,20428.4,20038.35,20385.95,0
2024-04-22,20566.2,20604.1,20468.1,20600.45,0
2024-04-23,20687.9,20689.75,20621.55,20650.75,0
2024-04-24,20723.2,20772.55,20710.2,20737.15,0
2024-04-25,20690.85,20894.0,20686.7,20861.75,0
2024-04-26,20926.4,20941.1,20814.5,20858.0,0
2024-04-29,20911.1,21002.1,20847.85,20987.5,0
2024-04-30,21052.35,21146.5,20971.85,20987.95,0
2024-05-02,21010.45,21126.1,21009.35,21089.05,0
2024-05-03,21193.45,21208.7,20830.65,20948.35,0
2024-05-06,21044.1,21048.95,20805.05,20871.65,0
2024-05-07,20911.35,20914.9,20548.8,20634.95,0
2024-05-08,20586.8,20768.75,20516.25,20713.55,0
2024-05-09,20681.1,20736.25,20318.9,20354.35,0
2024-05-10,20398.0,20482.05,20299.1,20474.3,0
2024-05-13,20471.65,20540.25,20184.1,20522.35,0
2024-05-14,20551.4,20709.75,20508.0,20690.6,0
2024-05-15,20744.5,20811.25,20681.9,20745.25,0
2024-05-16,20846.85,20950.55,20667.8,20928.3,0
2024-05-17,20967.4,21078.65,20934.45,21060.5,0
2024-05-18,21131.45,21156.55,21115.8,21143.9,0
2024-05-21,21114.65,21224.7,21068.85,21173.8,0
2024-05-22,21255.2,21261.75,21103.2,21253.0,0
2024-05-23,21280.05,21505.25,21249.15,21479.65,0
2024-05-24,21483.0,21567.45,21444.95,21476.05,0
2024-05-27,21573.8,21613.6,21439.15,21493.95,0
2024-05-28,21542.5,21558.15,21345.35,21367.45,0
2024-05-29,21288.35,21356.15,21243.2,21252.8,0
2024-05-30,21201.8,21262.85,20983.95,21089.9,0
2024-05-31,21129.35,21177.25,21003.0,21124.4,0
2024-06-03,21926.6,21926.6,21629.3,21829.5,0
2024-06-04,21753.35,21753.35,19624.25,20422.35,0
2024-06-05,20570.75,21092.15,20116.6,21019.0,0
2024-06-06,21253.7,21462.8,21193.2,21389.05,0
2024-06-07,21390.2,21781.35,21333.5,21748.55,0
2024-06-10,21844.3,21930.5,21758.3,21782.45,0
2024-06-11,21856.35,21961.45,21782.35,21852.5,0
2024-06-12,21935.2,22023.9,21904.7,21952.95,0
2024-06-13,22120.75,22120.8,21992.15,22080.25,0
2024-06-14,22148.25,22229.4,22054.15,22200.6,0
2024-06-18,22323.55,22338.15,22253.35,22330.85,0
2024-06-19,22406.3,22406.3,22127.25,22227.75,0
2024-06-20,22293.55,22333.6,22182.2,22313.85,0
2024-06-21,22392.6,22393.3,22186.2,22203.85,0
2024-06-24,22150.65,22309.1,22073.65,22299.15,0
2024-06-25,22349.75,22391.75,22287.1,22370.25,0
2024-06-26,22379.5,22464.85,22309.5,22420.55,0
2024-06-27,22459.9,22571.65,22395.9,22541.85,0
2024-06-28,22592.25,22673.65,22537.7,22558.95,0
2024-07-01,22580.4,22739.7,22570.4,22719.8,0
2024-07-02,22806.3,22810.65,22592.2,22675.0,0
2024-07-03,22820.55,22871.65,22764.1,22856.95,0
2024-07-04,22937.6,22962.8,22866.7,22918.3,0
2024-07-05,22878.5,23011.8,22838.2,22980.5,0
2024-07-08,23029.35,23040.75,22897.95,22985.15,0
2024-07-09,23035.05,23082.35,22974.95,23058.75,0
2024-07-10,23124.15,23125.3,22685.65,22973.15,0
2024-07-11,23059.95,23063.1,22904.3,23019.05,0
2024-07-12,23086.25,23189.4,23021.4,23096.05,0
2024-07-15,23188.8,23234.3,23081.3,23214.5,0
2024-07-16,23258.2,23288.05,23181.35,23197.15,0
2024-07-18,23167.65,23233.85,22993.55,23199.55,0
2024-07-19,23232.5,23232.5,22833.0,22841.55,0
2024-07-22,22761.5,23001.05,22667.75,22948.5,0
2024-07-23,23022.8,23031.95,22307.2,22864.85,0
2024-07-24,22856.85,22965.45,22816.75,22941.05,0
2024-07-25,22753.2,22938.65,22732.2,22932.35,0
2024-07-26,22970.4,23306.75,22965.5,23299.75,0
2024-07-29,23423.15,23496.4,23326.05,23401.7,0
2024-07-30,23421.2,23530.0,23381.35,23432.1,0
2024-07-31,23495.85,23556.0,23459.6,23549.25,0
2024-08-01,23608.85,23637.75,23429.55,23510.0,0
2024-08-02,23296.1,23395.1,23225.65,23244.95,0
2024-08-05,22772.55,22868.35,22397.7,22532.95,0
2024-08-06,22696.95,22910.75,22406.05,22474.25,0
2024-08-07,22773.45,22870.85,22650.8,22867.5,0
2024-08-08,22842.0,22905.6,22676.0,22694.45,0
2024-08-09,22948.15,22982.45,22869.4,22921.95,0
2024-08-12,22862.9,22993.25,22753.75,22914.6,0
2024-08-13,22952.7,22962.75,22684.45,22704.15,0
2024-08-14,22765.65,22778.95,22599.95,22675.65,0
2024-08-16,22846.1,23071.75,22750.3,23050.7,0
2024-08-19,23174.2,23195.6,23104.1,23149.65,0
2024-08-20,23223.6,23292.7,23175.4,23261.0,0
2024-08-21,23283.75,23383.2,23256.25,23376.55,0
2024-08-22,23467.15,23474.85,23408.95,23437.25,0
2024-08-23,23485.3,23496.85,23401.0,23425.45,0
2024-08-26,23514.3,23579.75,23466.75,23563.05,0
2024-08-27,23592.0,23633.2,23555.55,23589.8,0
2024-08-28,23646.8,23679.35,23547.25,23603.45,0
2024-08-29,23618.25,23664.35,23494.45,23643.9,0
2024-08-30,23728.55,23766.4,23673.95,23739.3,0
2024-09-02,23835.2,23835.2,23693.65,23760.35,0
2024-09-03,23817.0,23817.55,23771.2,23778.95,0
2024-09-04,23611.8,23761.4,23605.35,23755.2,0
2024-09-05,23821.0,23836.35,23749.05,23757.85,0
2024-09-06,23746.0,23794.35,23434.9,23489.15,0
2024-09-09,23452.85,23526.55,23294.45,23518.55,0
2024-09-10,23591.85,23712.95,23531.65,23651.65,0
2024-09-11,23665.1,23723.05,23498.15,23557.55,0
2024-09-12,23680.0,23934.6,23593.6,23858.25,0
2024-09-13,23966.5,23966.55,23885.2,23919.35,0
2024-09-16,24006.15,24026.0,23917.5,23968.55,0
2024-09-17,24008.25,24008.25,23912.55,23957.7,0
2024-09-18,23972.55,24000.3,23800.85,23868.8,0
2024-09-19,24012.3,24078.0,23702.0,23882.75,0
2024-09-20,23956.55,24243.15,23885.0,24220.7,0
2024-09-23,24294.8,24393.7,24262.3,24369.95,0
2024-09-24,24390.05,24429.0,24353.75,24394.6,0
2024-09-25,24377.25,24394.35,24268.5,24372.9,0
2024-09-26,24399.15,24512.65,24338.4,24478.8,0
2024-09-27,24529.55,24573.4,24469.0,24479.9,0
2024-09-30,24410.0,24456.1,24217.4,24249.2,0
2024-10-01,24248.5,24329.45,24191.05,24277.8,0
2024-10-03,23931.85,24122.0,23713.0,23763.4,0
2024-10-04,23704.95,23920.3,23483.4,23555.75,0
2024-10-07,23616.35,23659.65,23089.5,23192.1,0
2024-10-08,23175.2,23544.8,23106.5,23543.0,0
2024-10-09,23600.1,23797.45,23570.7,23623.65,0
2024-10-10,23695.55,23755.5,23580.6,23606.6,0
2024-10-11,23608.3,23654.0,23546.3,23611.8,0
2024-10-14,23670.5,23740.2,23646.1,23735.3,0
2024-10-15,23800.4,23814.95,23662.3,23738.3,0
2024-10-16,23702.85,23768.15,23588.8,23659.15,0
2024-10-17,23717.3,23720.15,23366.0,23375.85,0
2024-10-18,23285.65,23471.2,23120.95,23442.5,0
2024-10-21,23527.6,23559.05,23224.55,23227.0,0
2024-10-22,23277.1,23306.2,22789.7,22834.6,0
2024-10-23,22751.8,22989.05,22673.3,22836.45,0
2024-10-24,22841.85,22893.2,22747.55,22799.05,0
2024-10-25,22819.8,22839.2,22362.8,22523.15,0
2024-10-28,22548.7,22756.05,22407.0,22669.6,0
2024-10-29,22670.8,22808.8,22450.0,22794.25,0
2024-10-30,22731.15,22896.55,22685.4,22754.8,0
2024-10-31,22758.6,22779.5,22621.1,22709.2,0
2024-11-01,22806.95,22881.5,22799.7,22816.55,0
2024-11-04,22831.8,22832.65,22362.65,22508.65,0
2024-11-05,22458.3,22697.5,22343.95,22661.55,0
2024-11-06,22782.2,23052.2,22720.3,23044.3,0
2024-11-07,23067.15,23073.55,22793.9,22797.1,0
2024-11-08,22821.9,22857.1,22600.25,22604.35,0
2024-11-11,22590.1,22770.55,22478.7,22574.85,0
2024-11-12,22664.2,22721.9,22286.85,22287.6,0
2024-11-13,22263.0,22309.8,21867.7,21964.65,0
2024-11-14,21924.1,22096.85,21907.55,21985.35,0
2024-11-18,22045.9,22049.15,21787.35,21901.1,0
2024-11-19,21977.65,22233.4,21948.45,21948.45,0
2024-11-21,21947.75,21954.2,21692.8,21817.55,0
2024-11-22,21864.65,22260.15,21819.2,22210.4,0
2024-11-25,22578.65,22676.25,22510.8,22574.25,0
2024-11-26,22649.3,22675.7,22523.0,22563.7,0
2024-11-27,22594.2,22732.1,22526.1,22696.6,0
2024-11-28,22722.3,22821.75,22472.25,22548.45,0
2024-11-29,22537.8,22733.75,22531.9,22677.95,0
2024-12-02,22695.4,22843.5,22603.1,22836.55,0
2024-12-03,22922.6,23029.55,22876.8,23010.6,0
2024-12-04,23075.95,23149.9,22978.85,23095.7,0
2024-12-05,23183.3,23357.1,22993.85,23278.15,0
2024-12-06,23315.8,23358.2,23221.7,23303.05,0
2024-12-09,23289.4,23351.9,23243.3,23296.65,0
2024-12-10,23328.8,23341.35,23216.25,23322.6,0
2024-12-11,23326.7,23394.2,23301.15,23346.8,0
2024-12-12,23348.7,23386.25,23242.75,23246.0,0
2024-12-13,23208.35,23378.55,22879.9,23363.0,0
2024-12-16,23370.55,23417.65,23281.2,23336.7,0
2024-12-17,23308.9,23349.1,23067.3,23077.0,0
2024-12-18,23076.95,23125.55,22876.7,22945.15,0
2024-12-19,22594.95,22782.25,22590.0,22759.15,0
2024-12-20,22783.65,22855.0,22279.9,22337.5,0
2024-12-23,22446.6,22535.2,22331.5,22407.85,0
2024-12-24,22431.6,22516.3,22340.1,22393.5,0
2024-12-26,22444.7,22492.3,22324.6,22436.8,0
2024-12-27,22473.9,22555.45,22435.55,22454.2,0
2024-12-30,22438.15,22522.4,22266.15,22354.5,0
2024-12-31,22273.7,22414.45,22160.15,22386.25,0
2025-01-01,22375.85,22518.7,22313.75,22489.3,0
2025-01-02,22521.75,22833.35,22482.7,22807.9,0
2025-01-03,22850.1,22867.85,22681.3,22693.55,0
2025-01-06,22753.65,22757.4,22163.55,22235.3,0
2025-01-07,22278.15,22435.5,22247.75,22327.8,0
2025-01-08,22378.15,22384.25,22065.2,22216.75,0
2025-01-09,22231.05,22239.2,22028.5,22062.55,0
2025-01-10,22049.4,22075.4,21738.45,21801.35,0
2025-01-13,21557.0,21630.55,21194.45,21246.9,0
2025-01-14,21328.0,21528.7,21325.0,21518.1,0
2025-01-15,21572.45,21634.6,21445.4,21561.6,0
2025-01-16,21734.4,21776.35,21687.45,21740.45,0
2025-01-17,21699.45,21730.85,21563.8,21678.3,0
2025-01-20,21777.85,21848.95,21628.5,21790.5,0
2025-01-21,21855.1,21863.05,21411.3,21452.65,0
2025-01-22,21484.45,21500.3,21178.8,21400.35,0
2025-01-23,21377.8,21595.0,21338.95,21536.1,0
2025-01-24,21533.05,21611.2,21279.0,21313.95,0
2025-01-27,21158.85,21163.0,20861.15,20894.95,0
2025-01-28,21009.2,21100.45,20757.9,20940.7,0
2025-01-29,20971.4,21259.85,20968.35,21254.55,0
2025-01-30,21282.1,21404.2,21209.6,21331.6,0
2025-01-31,21339.35,21613.0,21310.3,21606.0,0
2025-02-01,21628.65,21713.95,21388.2,21577.15,0
2025-02-03,21422.85,21445.95,21286.7,21400.4,0
2025-02-04,21551.4,21743.55,21474.45,21704.35,0
2025-02-05,21797.7,21870.4,21763.7,21777.3,0
2025-02-06,21860.1,21870.9,21620.15,21683.55,0
2025-02-07,21703.75,21765.15,21521.75,21642.05,0
2025-02-10,21636.2,21659.25,21301.85,21360.65,0
2025-02-11,21366.25,21376.45,20860.6,20942.5,0
2025-02-12,20924.15,21002.0,20545.75,20920.55,0
2025-02-13,20926.0,21122.0,20866.5,20888.9,0
2025-02-14,20964.6,20984.7,20476.65,20600.25,0
2025-02-17,20511.05,20667.55,20339.0,20660.05,0
2025-02-18,20663.6,20692.3,20466.75,20581.9,0
2025-02-19,20511.2,20802.55,20459.2,20716.95,0
2025-02-20,20645.7,20840.35,20630.2,20825.25,0
2025-02-21,20791.6,20903.35,20616.6,20655.05,0
2025-02-24,20510.25,20546.05,20429.3,20462.25,0
2025-02-25,20445.55,20548.9,20388.75,20397.15,0
2025-02-27,20436.5,20471.85,20278.85,20278.85,0
2025-02-28,20185.4,20197.85,19816.0,19886.4,0
2025-03-03,19935.55,19997.05,19658.3,19909.15,0
2025-03-04,19736.05,19957.5,19681.65,19911.05,0
2025-03-05,19901.6,20265.05,19901.6,20257.7,0
2025-03-06,20411.45,20467.15,20262.75,20423.0,0
2025-03-07,20428.15,20549.2,20377.6,20431.95,0
2025-03-10,20434.95,20543.7,20230.65,20234.8,0
2025-03-11,20122.55,20333.75,20073.4,20332.1,0
2025-03-12,20351.9,20397.95,20108.7,20259.05,0
2025-03-13,20337.85,20357.3,20157.5,20160.8,0
2025-03-17,20166.6,20358.25,20166.5,20294.8,0
2025-03-18,20418.55,20676.95,20370.2,20667.7,0
2025-03-19,20713.25,20895.25,20664.0,20862.0,0
2025-03-20,20989.35,21092.2,20873.55,21048.0,0
2025-03-21,21065.25,21297.0,21031.45,21282.55,0
2025-03-24,21427.2,21595.85,21346.8,21551.55,0
2025-03-25,21652.85,21674.05,21385.8,21389.65,0
2025-03-26,21464.95,21525.6,21255.7,21256.7,0
2025-03-27,21218.4,21447.9,21195.7,21404.85,0
2025-03-28,21439.2,21514.1,21277.9,21312.75,0
2025-04-01,21227.1,21398.35,21042.45,21080.65,0
2025-04-02,21101.85,21279.1,21007.15,21261.2,0
2025-04-03,21100.55,21263.45,21096.75,21239.3,0
2025-04-04,21199.2,21212.1,20736.8,20822.25,0
2025-04-07,19524.25,20189.35,19519.85,20183.25,0
2025-04-08,20430.1,20588.4,20227.15,20493.25,0
2025-04-09,20422.95,20423.25,20252.35,20363.85,0
2025-04-11,20684.85,20817.5,20629.0,20758.5,0
2025-04-15,21199.05,21302.75,21067.6,21290.25,0
2025-04-16,21302.75,21414.85,21246.4,21397.8,0
2025-04-17,21379.35,21704.1,21296.35,21671.05,0
2025-04-21,21787.05,22033.75,21732.45,22006.5,0
2025-04-22,22072.0,22157.95,21953.4,22064.8,0
2025-04-23,22238.6,22263.85,21988.35,22217.7,0
2025-04-24,22217.65,22270.15,22155.4,22176.95,0
2025-04-25,22220.3,22271.85,21661.6,21804.05,0
2025-04-28,21843.45,22125.45,21841.4,22094.35,0
2025-04-29,22160.75,22255.9,22084.55,22105.1,0
2025-04-30,22119.2,22175.0,21920.55,21951.1,0
2025-05-02,22009.95,22238.9,21920.85,21979.2,0
2025-05-05,22086.25,22209.95,22070.95,22198.35,0
2025-05-06,22235.6,22244.5,21916.9,21919.6,0
2025-05-07,21756.8,22084.7,21752.9,22071.55,0
2025-05-08,22109.35,22145.2,21730.55,21734.95,0
2025-05-09,21463.75,21716.05,21463.75,21707.45,0
2025-05-12,22149.4,22525.0,22126.4,22507.5,0
2025-05-13,22491.5,22575.7,22317.5,22358.05,0
2025-05-14,22402.65,22544.9,22366.4,22514.7,0
2025-05-15,22547.05,22814.1,22408.65,22773.9,0
2025-05-16,22825.55,22885.35,22750.35,22861.25,0
2025-05-19,22896.25,22965.05,22827.65,22861.2,0
2025-05-20,22942.65,22958.6,22565.55,22615.4,0
2025-05-21,22632.4,22811.95,22577.4,22720.3,0
2025-05-22,22674.0,22675.35,22464.45,22616.1,0
2025-05-23,22628.75,22813.25,22580.8,22770.2,0
2025-05-26,22852.7,22970.7,22845.4,22904.95,0
2025-05-27,22895.05,22963.1,22721.8,22820.0,0
2025-05-28,22843.25,22871.2,22765.7,22775.9,0
2025-05-29,22859.45,22899.15,22750.15,22892.35,0
2025-05-30,22868.25,22912.3,22759.15,22785.1,0
2025-06-02,22758.6,22863.35,22664.15,22815.35,0
2025-06-03,22906.2,22946.15,22691.25,22701.95,0
2025-06-04,22742.2,22823.95,22667.9,22803.35,0
2025-06-05,22879.2,23026.3,22828.85,22942.75,0
2025-06-06,22962.0,23180.35,22891.6,23163.1,0
2025-06-09,23308.65,23335.35,23254.55,23329.4,0
2025-06-10,23422.3,23423.8,23287.35,23330.75,0
2025-06-11,23376.6,23423.6,23271.4,23328.65,0
2025-06-12,23363.5,23370.3,23009.65,23016.7,0
2025-06-13,22631.7,22932.25,22631.7,22924.1,0
2025-06-16,22914.85,23106.7,22789.4,23089.05,0
2025-06-17,23126.8,23128.5,22959.15,22964.8,0
2025-06-18,22937.75,23066.85,22868.35,22910.2,0
2025-06-19,22921.6,22973.15,22712.55,22718.65,0
2025-06-20,22760.65,23064.7,22760.6,23014.35,0
2025-06-23,22880.35,23063.35,22837.8,22988.95,0
2025-06-24,23212.3,23307.95,23074.25,23128.9,0
2025-06-25,23216.15,23303.65,23190.85,23289.6,0
2025-06-26,23341.2,23529.65,23319.85,23504.85,0
2025-06-27,23566.7,23644.35,23538.55,23620.45,0
2025-06-30,23672.35,23677.55,23563.0,23612.25,0
2025-07-01,23659.75,23669.95,23558.9,23612.3,0
2025-07-02,23653.05,23669.3,23463.85,23541.65,0
2025-07-03,23591.8,23647.1,23503.55,23513.25,0
2025-07-04,23553.45,23570.9,23448.9,23563.6,0
2025-07-07,23561.6,23595.3,23506.5,23541.2,0
2025-07-08,23540.6,23600.35,23469.95,23572.1,0
2025-07-09,23576.45,23613.9,23513.85,23548.2,0
2025-07-10,23595.85,23605.5,23444.95,23464.4,0
2025-07-11,23408.8,23462.35,23256.3,23265.35,0
2025-07-14,23290.15,23329.2,23200.1,23311.15,0
2025-07-15,23334.55,23469.45,23332.8,23461.5,0
2025-07-16,23458.9,23502.9,23403.5,23461.25,0
2025-07-17,23507.65,23514.7,23409.05,23410.1,0
2025-07-18,23430.0,23449.45,23240.85,23267.85,0
2025-07-21,23296.75,23394.5,23184.9,23384.45,0
2025-07-22,23449.75,23456.0,23306.4,23325.0,0
2025-07-23,23382.4,23435.55,23296.0,23422.5,0
2025-07-24,23447.35,23449.4,23257.6,23291.7,0
2025-07-25,23255.25,23255.25,22993.0,23004.35,0
